Continent,Country,City ID,Audience ID,Device category,Active users,New users,Sessions per user,Views per session,One-day active users,Seven-day active users,28-day active users,30-day active users,Engaged sessions,Engagement rate,Events per session
Oceania,Australia,1000676,2226259423,mobile,2,2,1,3,2,14,34,34,2,1,7
Oceania,New Zealand,1011065,2226259423,mobile,2,2,1,3,2,14,49,49,2,1,7
Oceania,Cook Islands,(not set),2226259423,mobile,1,1,1,3,1,7,28,28,1,1,6
Oceania,Australia,1000567,2226259423,mobile,1,1,1,9,1,13,40,41,1,1,14
Oceania,Australia,1000676,2226259423,desktop,1,1,1,3,1,7,10,11,1,1,7
Oceania,New Zealand,1011038,2226259423,desktop,1,1,1,3,1,7,18,18,1,1,8
Oceania,New Zealand,1011038,2226259423,mobile,1,1,1,9,1,7,19,19,1,1,15
Oceania,Australia,1000286,2226259423,mobile,0,0,null,null,0,2,40,44,0,null,null
Oceania,Australia,1000339,2226259423,mobile,0,0,null,null,0,0,19,21,0,null,null
Oceania,Australia,1000567,2226259423,desktop,0,0,null,null,0,0,1,3,0,null,null
Oceania,New Zealand,1011036,2226259423,desktop,0,0,null,null,0,4,25,27,0,null,null
Oceania,New Zealand,1011036,2226259423,mobile,0,0,null,null,0,0,19,21,0,null,null
Oceania,Australia,9192261,2226259423,mobile,0,0,null,null,0,0,17,19,0,null,null
Europe,United Kingdom,1006543,2226259423,desktop,0,0,null,0,0,0,0,0,0,0,2
Europe,United Kingdom,9222740,2226259423,mobile,0,0,null,null,0,6,27,28,0,null,null
Europe,United Kingdom,1007326,2226259423,desktop,103,46,1.339805825,10.87681159,103,619,2339,2508,120,0.869565217,17.43478261
Europe,United Kingdom,1006886,2226259423,desktop,80,66,1.1125,5.505617978,80,638,2787,3019,82,0.921348315,10.1011236
Europe,United Kingdom,1007336,2226259423,mobile,72,48,1.263888889,6.417582418,72,434,1415,1512,90,0.989010989,10.51648352
Europe,United Kingdom,1007326,2226259423,mobile,66,52,1.136363636,6.44,66,457,1897,2056,74,0.986666667,10.81333333
Europe,United Kingdom,1006502,2226259423,mobile,59,40,1.152542373,5.617647059,59,383,1397,1498,62,0.911764706,9.647058824
Europe,United Kingdom,1007336,2226259423,desktop,50,23,1.26,10.3968254,50,287,961,1011,56,0.888888889,16.34920635
Europe,United Kingdom,(not set),2226259423,desktop,46,30,1.086956522,5.02,46,287,1230,1341,49,0.98,9.16
Europe,Ireland,1007850,2226259423,mobile,30,30,1,4.8,30,200,628,657,30,1,10.26666667
Europe,United Kingdom,1007293,2226259423,desktop,28,14,1.357142857,5.947368421,28,150,476,505,33,0.868421053,9.736842105
Europe,United Kingdom,1006524,2226259423,mobile,23,16,1,3.173913043,23,155,743,813,21,0.913043478,6.347826087
Europe,Germany,(not set),2226259423,desktop,22,22,1,4.181818182,22,154,6311,7181,22,1,8.227272727
Europe,United Kingdom,1006502,2226259423,desktop,21,12,1.047619048,3.363636364,21,147,497,521,20,0.909090909,6.954545455
Europe,United Kingdom,1007274,2226259423,mobile,19,14,1,4.157894737,19,115,278,290,18,0.947368421,7.526315789
Europe,Ireland,1007850,2226259423,desktop,18,17,1.055555556,2.789473684,18,115,584,634,18,0.947368421,6.105263158
Europe,United Kingdom,9198459,2226259423,mobile,18,10,1,6.055555556,18,121,362,385,17,0.944444444,10.27777778
Europe,United Kingdom,1006964,2226259423,mobile,16,6,1,5.4375,16,105,336,348,15,0.9375,8.625
Europe,United Kingdom,1006988,2226259423,mobile,15,14,1,3.733333333,15,100,423,462,15,1,7.8
Europe,United Kingdom,1006897,2226259423,mobile,14,8,1.071428571,3,14,95,260,268,15,1,6
Europe,United Kingdom,1007249,2226259423,mobile,14,6,1,3.071428571,14,98,420,453,14,1,5.642857143
Europe,United Kingdom,1006912,2226259423,desktop,13,12,1,3,13,102,339,360,13,1,6.846153846
Europe,United Kingdom,1006912,2226259423,mobile,13,11,1.153846154,3.066666667,13,84,324,354,15,1,6.133333333
Europe,United Kingdom,1006864,2226259423,mobile,12,7,1,3.75,12,62,211,225,12,1,7
Europe,United Kingdom,1006933,2226259423,mobile,12,9,1,5.083333333,12,71,243,257,12,1,9.25
Europe,United Kingdom,1007274,2226259423,desktop,11,8,1.272727273,5.5,11,63,166,180,14,1,9.785714286
Europe,United Kingdom,1006948,2226259423,mobile,10,5,1,2.9,10,76,338,366,10,1,6
Europe,United Kingdom,1006966,2226259423,mobile,10,3,1,3.1,10,71,157,159,10,1,6
Europe,United Kingdom,1007293,2226259423,mobile,10,10,1.3,10.07692308,10,69,283,299,12,0.923076923,14.53846154
Europe,United Kingdom,9191485,2226259423,desktop,10,7,1,7.1,10,65,218,226,10,1,10.9
Europe,United Kingdom,9194566,2226259423,desktop,9,2,1.444444444,8.538461538,9,30,33,33,10,0.769230769,13.61538462
Europe,United Kingdom,1006884,2226259423,mobile,8,5,1.125,4,8,55,260,282,9,1,7.111111111
Europe,United Kingdom,1006988,2226259423,desktop,8,7,1,7.125,8,55,196,210,8,1,13
Europe,United Kingdom,1007345,2226259423,desktop,8,8,1,9.75,8,62,274,291,8,1,16.5
Europe,United Kingdom,1006933,2226259423,desktop,7,7,1.142857143,4.5,7,39,114,118,8,1,8.375
Europe,United Kingdom,1007312,2226259423,mobile,7,6,1.428571429,7.1,7,38,74,74,10,1,12
Europe,United Kingdom,1007321,2226259423,desktop,7,4,1.571428571,5.545454545,7,39,128,134,8,0.727272727,9.181818182
Europe,United Kingdom,9211141,2226259423,mobile,7,6,1,5.571428571,7,41,194,210,7,1,11.14285714
Europe,United Kingdom,(not set),2226259423,tablet,6,6,1.166666667,3,6,42,113,115,7,1,6.571428571
Europe,United Kingdom,1006948,2226259423,desktop,6,4,1,7,6,37,89,95,6,1,11.5
Europe,United Kingdom,1007275,2226259423,mobile,6,6,1,4,6,42,108,111,6,1,8.833333333
Europe,United Kingdom,1007322,2226259423,desktop,6,2,1.333333333,26.875,6,31,69,75,8,1,38.25
Europe,United Kingdom,1006524,2226259423,desktop,5,5,1,3.6,5,31,173,189,5,1,8.4
Europe,United Kingdom,1006567,2226259423,desktop,5,3,1.4,2.571428571,5,25,101,106,6,0.857142857,6
Europe,United Kingdom,1006867,2226259423,mobile,5,4,1,3.4,5,36,114,121,5,1,7
Europe,United Kingdom,1006897,2226259423,desktop,5,5,1,3.6,5,28,80,86,5,1,8
Europe,United Kingdom,1006964,2226259423,desktop,5,4,1.4,2.857142857,5,45,207,227,6,0.857142857,6.142857143
Europe,United Kingdom,1007322,2226259423,mobile,5,4,1,11.8,5,40,182,198,5,1,18.4
Europe,United Kingdom,1007336,2226259423,tablet,5,5,1,4,5,37,146,152,5,1,8.6
Europe,United Kingdom,1007366,2226259423,mobile,5,4,1,17,5,35,81,88,5,1,25.2
Europe,United Kingdom,1007381,2226259423,mobile,5,4,1,5.4,5,24,63,65,5,1,10.2
Europe,United Kingdom,1007383,2226259423,desktop,5,4,1,10.2,5,38,119,123,5,1,16.6
Europe,United Kingdom,1007416,2226259423,desktop,5,4,1,4.2,5,31,188,220,5,1,8.6
Europe,United Kingdom,1007416,2226259423,mobile,5,5,1,9.6,5,35,101,104,5,1,16
Europe,Sweden,1012273,2226259423,mobile,5,5,1,3,5,37,239,257,5,1,6.4
Europe,United Kingdom,9198459,2226259423,desktop,5,2,1.2,2,5,35,130,140,5,0.833333333,4
Europe,United Kingdom,1006717,2226259423,mobile,4,0,1,2.75,4,25,27,27,4,1,4.75
Europe,United Kingdom,1006891,2226259423,desktop,4,2,1.75,3.857142857,4,18,31,31,7,1,7
Europe,United Kingdom,1006965,2226259423,mobile,4,2,1,2.75,4,26,66,71,4,1,5.5
Europe,United Kingdom,1007064,2226259423,desktop,4,3,1,4.5,4,33,118,123,4,1,8.25
Europe,United Kingdom,1007089,2226259423,mobile,4,3,1,3.75,4,35,189,199,4,1,6.5
Europe,United Kingdom,1007091,2226259423,mobile,4,4,1,3,4,25,78,80,4,1,5.75
Europe,United Kingdom,1007249,2226259423,desktop,4,3,1,34.5,4,31,131,141,4,1,50
Europe,United Kingdom,1007355,2226259423,mobile,4,2,1,6,4,22,68,72,4,1,9
Europe,United Kingdom,1007359,2226259423,desktop,4,2,1.25,3,4,26,56,58,4,0.8,6.6
Europe,United Kingdom,1007366,2226259423,desktop,4,2,1.25,6.6,4,30,113,121,4,0.8,11.6
Europe,United Kingdom,9194745,2226259423,desktop,4,1,1,2.5,4,14,14,14,4,1,4.25
Europe,United Kingdom,9211141,2226259423,desktop,4,4,1.5,4.5,4,26,104,110,5,0.833333333,9.833333333
Europe,Poland,(not set),2226259423,mobile,3,3,1,1,3,21,67,69,0,0,3
Europe,Germany,1004246,2226259423,desktop,3,3,1,3,3,21,30,30,3,1,7
Europe,United Kingdom,1006501,2226259423,desktop,3,2,1.666666667,1.8,3,16,30,30,3,0.6,4
Europe,United Kingdom,1006567,2226259423,mobile,3,3,1.333333333,3.75,3,34,123,130,3,0.75,7.25
Europe,United Kingdom,1006674,2226259423,mobile,3,2,1,4,3,21,61,65,3,1,8.333333333
Europe,United Kingdom,1006886,2226259423,tablet,3,2,1,5,3,21,94,104,3,1,9
Europe,United Kingdom,1006976,2226259423,desktop,3,3,1,5,3,16,30,30,3,1,10.33333333
Europe,United Kingdom,1006996,2226259423,mobile,3,3,1,4,3,21,73,78,3,1,7
Europe,United Kingdom,1007000,2226259423,mobile,3,3,1,3,3,18,36,38,3,1,6.666666667
Europe,United Kingdom,1007121,2226259423,desktop,3,3,1,5,3,29,113,119,3,1,10
Europe,United Kingdom,1007319,2226259423,mobile,3,3,1.333333333,3,3,21,53,53,3,0.75,5.5
Europe,United Kingdom,1007325,2226259423,mobile,3,2,1,3,3,16,88,96,3,1,6
Europe,United Kingdom,1007337,2226259423,mobile,3,2,1,4.666666667,3,16,70,76,3,1,8.333333333
Europe,United Kingdom,1007345,2226259423,mobile,3,3,1.333333333,3.75,3,19,78,84,4,1,7.25
Europe,United Kingdom,1007347,2226259423,mobile,3,2,1,5.333333333,3,17,18,18,3,1,9.666666667
Europe,Sweden,1012273,2226259423,desktop,3,3,1,3,3,24,98,106,3,1,6.666666667
Europe,Serbia,1028595,2226259423,mobile,3,1,1,2.666666667,3,8,8,8,3,1,5
Europe,United Kingdom,9190367,2226259423,mobile,3,3,1,3,3,18,47,47,3,1,7.333333333
Europe,United Kingdom,9190699,2226259423,mobile,3,2,1,3,3,21,38,38,3,1,6
Europe,United Kingdom,9191485,2226259423,mobile,3,3,1,3,3,16,108,120,3,1,6.333333333
Europe,United Kingdom,9191983,2226259423,desktop,3,2,1.333333333,3,3,21,53,53,3,0.75,6.25
Europe,United Kingdom,9192938,2226259423,mobile,3,3,1,4,3,18,23,23,3,1,7.333333333
Europe,United Kingdom,9193415,2226259423,mobile,3,3,1.333333333,37.5,3,18,55,59,4,1,53.75
Europe,United Kingdom,9193455,2226259423,mobile,3,2,1,11,3,20,50,50,3,1,18
Europe,United Kingdom,9194789,2226259423,mobile,3,2,1,3,3,21,47,47,3,1,6
Europe,United Kingdom,9198013,2226259423,mobile,3,2,1,2.666666667,3,22,69,73,3,1,5.333333333
Europe,Poland,(not set),2226259423,desktop,2,2,1,2,2,14,49,53,1,0.5,4
Europe,Germany,1003854,2226259423,desktop,2,2,1,2,2,14,56,58,2,1,5.5
Europe,United Kingdom,1006501,2226259423,tablet,2,1,1,3,2,8,25,25,2,1,5.5
Europe,United Kingdom,1006602,2226259423,mobile,2,2,1,3,2,14,38,38,2,1,6
Europe,United Kingdom,1006621,2226259423,mobile,2,1,1,2,2,14,27,27,2,1,3.5
Europe,United Kingdom,1006663,2226259423,mobile,2,1,1,16.5,2,14,63,67,2,1,24.5
Europe,United Kingdom,1006668,2226259423,desktop,2,2,1,6,2,22,95,100,2,1,12
Europe,United Kingdom,1006693,2226259423,mobile,2,1,1.5,10,2,9,9,9,2,0.666666667,15.33333333
Europe,United Kingdom,1006745,2226259423,mobile,2,1,1,3,2,14,38,40,2,1,5.5
Europe,United Kingdom,1006815,2226259423,mobile,2,2,1,4.5,2,14,56,58,2,1,8.5
Europe,United Kingdom,1006816,2226259423,mobile,2,1,1,2.5,2,14,57,61,2,1,5
Europe,United Kingdom,1006884,2226259423,desktop,2,1,1,16.5,2,11,43,47,2,1,25.5
Europe,United Kingdom,1006917,2226259423,mobile,2,2,1,4.5,2,14,20,20,2,1,9.5
Europe,United Kingdom,1006947,2226259423,mobile,2,1,1,3,2,15,65,68,2,1,6.5
Europe,United Kingdom,1006970,2226259423,mobile,2,2,1,13.5,2,14,35,37,2,1,21.5
Europe,United Kingdom,1006992,2226259423,mobile,2,0,1,4,2,14,50,50,2,1,6
Europe,United Kingdom,1006996,2226259423,tablet,2,1,1,2,2,14,38,38,2,1,3.5
Europe,United Kingdom,1007000,2226259423,desktop,2,1,1,4.5,2,14,64,68,2,1,7.5
Europe,United Kingdom,1007009,2226259423,desktop,2,2,1,4.5,2,14,35,37,2,1,8.5
Europe,United Kingdom,1007031,2226259423,mobile,2,2,1,3,2,14,34,34,2,1,6.5
Europe,United Kingdom,1007103,2226259423,mobile,2,0,1,3,2,14,40,44,2,1,5
Europe,United Kingdom,1007128,2226259423,desktop,2,2,1,3,2,5,5,5,2,1,7.5
Europe,United Kingdom,1007135,2226259423,mobile,2,2,1,6,2,14,52,54,2,1,12
Europe,United Kingdom,1007191,2226259423,desktop,2,2,1,3,2,14,48,48,2,1,6.5
Europe,United Kingdom,1007201,2226259423,desktop,2,2,1.5,9,2,14,40,40,2,0.666666667,14.66666667
Europe,United Kingdom,1007245,2226259423,mobile,2,2,1,16,2,13,28,28,2,1,25.5
Europe,United Kingdom,1007247,2226259423,mobile,2,2,1,3,2,14,29,29,2,1,7.5
Europe,United Kingdom,1007256,2226259423,mobile,2,2,1,4.5,2,11,18,20,2,1,9
Europe,Isle of Man,1007268,2226259423,mobile,2,0,1,3,2,8,9,9,2,1,5
Europe,United Kingdom,1007282,2226259423,desktop,2,1,1,3,2,5,5,5,2,1,5.5
Europe,United Kingdom,1007282,2226259423,mobile,2,2,1,4.5,2,14,35,35,2,1,10
Europe,United Kingdom,1007283,2226259423,mobile,2,2,1,3,2,14,47,47,2,1,7
Europe,United Kingdom,1007284,2226259423,mobile,2,2,1,3,2,14,38,40,2,1,6.5
Europe,United Kingdom,1007294,2226259423,desktop,2,1,1,12,2,2,5,7,2,1,18.5
Europe,United Kingdom,1007300,2226259423,mobile,2,2,1.5,7.333333333,2,9,11,13,3,1,13
Europe,United Kingdom,1007305,2226259423,mobile,2,2,1,2.5,2,17,85,91,2,1,5.5
Europe,United Kingdom,1007312,2226259423,desktop,2,2,1.5,3,2,11,37,39,3,1,7
Europe,United Kingdom,1007315,2226259423,mobile,2,2,1,3,2,18,71,73,2,1,8
Europe,United Kingdom,1007321,2226259423,mobile,2,2,1,4.5,2,14,59,65,2,1,8
Europe,United Kingdom,1007325,2226259423,desktop,2,2,1,4.5,2,21,106,114,2,1,9
Europe,United Kingdom,1007340,2226259423,mobile,2,2,1,2.5,2,10,28,30,2,1,6
Europe,United Kingdom,1007341,2226259423,desktop,2,1,1.5,2,2,22,83,87,2,0.666666667,4.666666667
Europe,United Kingdom,1007341,2226259423,mobile,2,1,1,38.5,2,10,52,56,2,1,53.5
Europe,United Kingdom,1007356,2226259423,mobile,2,2,1,3,2,9,30,30,2,1,6
Europe,United Kingdom,1007359,2226259423,mobile,2,2,1,3,2,15,55,63,2,1,7
Europe,United Kingdom,1007375,2226259423,desktop,2,2,1,3,2,14,34,35,2,1,7.5
Europe,United Kingdom,1007381,2226259423,desktop,2,1,1,15,2,13,49,53,2,1,23
Europe,United Kingdom,1007389,2226259423,mobile,2,2,1,10.5,2,14,31,33,2,1,17.5
Europe,United Kingdom,1007391,2226259423,mobile,2,2,1,3,2,12,43,45,2,1,6.5
Europe,United Kingdom,1007397,2226259423,desktop,2,1,1,3,2,4,13,15,2,1,5.5
Europe,United Kingdom,1007410,2226259423,desktop,2,1,1,3,2,9,23,23,2,1,5.5
Europe,United Kingdom,1007464,2226259423,mobile,2,2,1,4,2,9,9,9,2,1,8.5
Europe,Ireland,1007835,2226259423,mobile,2,2,1,3,2,9,16,18,2,1,7.5
Europe,Sweden,1012443,2226259423,desktop,2,2,1,7,2,10,13,13,2,1,12.5
Europe,United Kingdom,9189476,2226259423,tablet,2,1,1,30,2,8,12,12,2,1,42.5
Europe,United Kingdom,9189744,2226259423,mobile,2,1,1,3,2,11,14,14,2,1,6
Europe,United Kingdom,9190486,2226259423,mobile,2,2,1,3,2,12,20,20,2,1,7
Europe,United Kingdom,9191094,2226259423,mobile,2,2,2,4,2,14,53,55,4,1,7
Europe,United Kingdom,9191402,2226259423,desktop,2,2,1,3,2,14,37,37,2,1,7
Europe,United Kingdom,9192206,2226259423,desktop,2,0,1,21,2,12,67,71,2,1,32
Europe,United Kingdom,9193160,2226259423,desktop,2,2,1,3,2,12,25,25,2,1,7.5
Europe,United Kingdom,9194212,2226259423,mobile,2,1,1,3,2,14,44,44,2,1,6
Europe,United Kingdom,9195022,2226259423,mobile,2,2,1,6,2,14,37,37,2,1,11
Europe,United Kingdom,9195379,2226259423,mobile,2,2,1,3,2,19,63,65,2,1,7.5
Europe,United Kingdom,9195482,2226259423,mobile,2,2,1,7,2,14,30,30,2,1,13
Europe,United Kingdom,9198013,2226259423,desktop,2,0,1.5,1,2,17,52,54,1,0.333333333,3
Europe,United Kingdom,9198296,2226259423,desktop,2,2,1,4.5,2,14,34,34,2,1,10
Europe,United Kingdom,9198821,2226259423,desktop,2,2,1,4.5,2,14,27,27,2,1,10
Europe,United Kingdom,9199213,2226259423,mobile,2,2,1,3,2,14,35,41,2,1,6
Europe,United Kingdom,9212237,2226259423,desktop,2,0,2.5,6.6,2,16,54,54,5,1,8
Europe,United Kingdom,9215554,2226259423,mobile,2,2,1,3,2,12,14,14,2,1,7
Europe,United Kingdom,9219180,2226259423,desktop,2,2,1,2.5,2,14,34,34,2,1,6.5
Europe,France,(not set),2226259423,desktop,1,1,1,9,1,13,58,61,1,1,13
Europe,France,(not set),2226259423,mobile,1,0,1,3,1,7,23,23,1,1,6
Europe,Germany,(not set),2226259423,mobile,1,0,1,3,1,7,27,31,1,1,5
Europe,Greece,(not set),2226259423,mobile,1,1,1,3,1,7,9,9,1,1,7
Europe,Spain,(not set),2226259423,mobile,1,1,1,3,1,14,94,100,1,1,6
Europe,Spain,(not set),2226259423,tablet,1,1,1,3,1,6,6,6,1,1,6
Europe,Bulgaria,1001448,2226259423,mobile,1,1,1,3,1,4,4,4,1,1,7
Europe,Belarus,1001495,2226259423,desktop,1,1,1,3,1,7,21,21,1,1,7
Europe,Switzerland,1003196,2226259423,mobile,1,1,1,5,1,7,10,10,1,1,9
Europe,Switzerland,1003284,2226259423,desktop,1,1,1,3,1,7,14,14,1,1,7
Europe,Czechia,1003803,2226259423,desktop,1,1,1,3,1,7,12,12,1,1,8
Europe,Germany,1004469,2226259423,desktop,1,1,1,3,1,7,10,10,1,1,7
Europe,Germany,1004507,2226259423,desktop,1,1,1,2,1,7,16,16,1,1,6
Europe,Germany,1004533,2226259423,mobile,1,1,1,3,1,7,26,26,1,1,6
Europe,Germany,1004536,2226259423,mobile,1,1,1,3,1,7,26,26,1,1,6
Europe,Denmark,1005010,2226259423,desktop,1,1,1,3,1,9,49,51,1,1,6
Europe,Spain,1005419,2226259423,desktop,1,1,2,6,1,7,23,23,1,0.5,8.5
Europe,Spain,1005493,2226259423,tablet,1,1,1,1,1,7,7,7,1,1,4
Europe,Finland,1005582,2226259423,mobile,1,1,1,3,1,7,12,12,1,1,7
Europe,France,1006094,2226259423,desktop,1,1,1,1,1,7,30,32,0,0,3
Europe,France,1006161,2226259423,desktop,1,1,1,3,1,7,11,11,1,1,7
Europe,France,1006356,2226259423,mobile,1,1,1,3,1,7,24,24,1,1,7
Europe,France,1006400,2226259423,mobile,1,1,1,3,1,7,24,24,1,1,6
Europe,United Kingdom,1006466,2226259423,mobile,1,1,1,2,1,7,9,9,1,1,5
Europe,United Kingdom,1006483,2226259423,mobile,1,1,1,4,1,7,47,51,1,1,7
Europe,United Kingdom,1006494,2226259423,mobile,1,1,1,3,1,5,26,28,1,1,6
Europe,United Kingdom,1006496,2226259423,mobile,1,1,1,3,1,7,7,7,1,1,7
Europe,United Kingdom,1006498,2226259423,mobile,1,1,1,3,1,2,13,15,1,1,6
Europe,United Kingdom,1006499,2226259423,desktop,1,1,6,3.666666667,1,7,8,8,6,1,6.166666667
Europe,United Kingdom,1006501,2226259423,mobile,1,1,1,3,1,3,3,3,1,1,6
Europe,United Kingdom,1006515,2226259423,mobile,1,1,1,3,1,7,13,13,1,1,7
Europe,United Kingdom,1006530,2226259423,desktop,1,1,1,15,1,7,12,12,1,1,28
Europe,United Kingdom,1006530,2226259423,mobile,1,0,1,1,1,7,29,31,0,0,2
Europe,United Kingdom,1006530,2226259423,tablet,1,1,1,14,1,7,17,17,1,1,22
Europe,United Kingdom,1006534,2226259423,desktop,1,1,1,6,1,7,23,27,1,1,11
Europe,United Kingdom,1006541,2226259423,desktop,1,1,1,3,1,10,42,44,1,1,8
Europe,United Kingdom,1006548,2226259423,desktop,1,1,1,6,1,7,9,9,1,1,13
Europe,United Kingdom,1006548,2226259423,mobile,1,1,1,3,1,6,6,6,1,1,7
Europe,United Kingdom,1006551,2226259423,mobile,1,1,1,3,1,7,15,15,1,1,7
Europe,United Kingdom,1006555,2226259423,desktop,1,1,1,3,1,7,19,19,1,1,7
Europe,United Kingdom,1006591,2226259423,mobile,1,1,1,3,1,5,5,5,1,1,7
Europe,United Kingdom,1006598,2226259423,desktop,1,1,1,3,1,7,36,40,1,1,6
Europe,United Kingdom,1006598,2226259423,mobile,1,1,1,9,1,7,21,21,1,1,16
Europe,United Kingdom,1006598,2226259423,tablet,1,1,1,3,1,7,16,16,1,1,7
Europe,United Kingdom,1006602,2226259423,desktop,1,1,1,9,1,8,50,54,1,1,15
Europe,United Kingdom,1006605,2226259423,desktop,1,1,1,12,1,7,16,16,1,1,22
Europe,United Kingdom,1006613,2226259423,desktop,1,1,1,3,1,4,4,4,1,1,7
Europe,United Kingdom,1006618,2226259423,desktop,1,1,1,9,1,1,1,1,1,1,15
Europe,United Kingdom,1006618,2226259423,mobile,1,1,1,3,1,7,22,24,1,1,7
Europe,United Kingdom,1006622,2226259423,mobile,1,1,1,9,1,7,18,20,1,1,15
Europe,United Kingdom,1006627,2226259423,desktop,1,1,1,3,1,7,53,57,1,1,8
Europe,United Kingdom,1006628,2226259423,desktop,1,1,2,10.5,1,7,18,18,2,1,16.5
Europe,United Kingdom,1006628,2226259423,tablet,1,1,1,7,1,1,1,1,1,1,13
Europe,United Kingdom,1006634,2226259423,mobile,1,1,1,3,1,7,24,26,1,1,7
Europe,United Kingdom,1006636,2226259423,desktop,1,1,1,6,1,7,24,25,1,1,12
Europe,United Kingdom,1006644,2226259423,desktop,1,1,1,6,1,7,25,27,1,1,11
Europe,United Kingdom,1006644,2226259423,mobile,1,0,1,3,1,7,83,89,1,1,4
Europe,United Kingdom,1006659,2226259423,mobile,1,1,1,6,1,7,22,22,1,1,13
Europe,United Kingdom,1006661,2226259423,desktop,1,1,1,3,1,3,3,3,1,1,6
Europe,United Kingdom,1006668,2226259423,mobile,1,1,1,3,1,7,22,22,1,1,7
Europe,United Kingdom,1006673,2226259423,mobile,1,1,1,9,1,7,9,9,1,1,15
Europe,United Kingdom,1006680,2226259423,desktop,1,1,1,3,1,2,21,25,1,1,8
Europe,United Kingdom,1006689,2226259423,tablet,1,1,1,2,1,7,14,14,1,1,5
Europe,United Kingdom,1006692,2226259423,desktop,1,1,2,1.5,1,7,31,33,1,0.5,3.5
Europe,United Kingdom,1006714,2226259423,desktop,1,1,2,9,1,4,4,4,1,0.5,15.5
Europe,United Kingdom,1006727,2226259423,desktop,1,0,1,3,1,3,3,3,1,1,6
Europe,United Kingdom,1006727,2226259423,mobile,1,1,1,3,1,7,8,8,1,1,7
Europe,United Kingdom,1006736,2226259423,mobile,1,0,1,0,1,7,40,42,1,1,1
Europe,United Kingdom,1006741,2226259423,mobile,1,1,1,3,1,1,18,20,1,1,6
Europe,United Kingdom,1006742,2226259423,desktop,1,1,1,3,1,1,1,1,1,1,7
Europe,United Kingdom,1006742,2226259423,mobile,1,1,2,3,1,5,5,5,2,1,6
Europe,United Kingdom,1006743,2226259423,desktop,1,0,1,3,1,3,3,3,1,1,6
Europe,United Kingdom,1006756,2226259423,mobile,1,1,1,6,1,7,24,24,1,1,10
Europe,United Kingdom,1006757,2226259423,desktop,1,1,1,3,1,7,25,25,1,1,8
Europe,United Kingdom,1006764,2226259423,mobile,1,1,1,3,1,7,12,12,1,1,7
Europe,United Kingdom,1006765,2226259423,mobile,1,1,1,3,1,7,23,23,1,1,7
Europe,United Kingdom,1006770,2226259423,desktop,1,1,1,24,1,7,24,24,1,1,35
Europe,United Kingdom,1006781,2226259423,desktop,1,1,1,3,1,3,3,3,1,1,7
Europe,United Kingdom,1006787,2226259423,desktop,1,1,1,6,1,3,3,3,1,1,11
Europe,United Kingdom,1006801,2226259423,mobile,1,1,1,3,1,7,9,9,1,1,7
Europe,United Kingdom,1006815,2226259423,desktop,1,0,1,3,1,7,31,33,1,1,6
Europe,United Kingdom,1006816,2226259423,desktop,1,1,1,3,1,7,26,26,1,1,6
Europe,United Kingdom,1006826,2226259423,mobile,1,1,1,3,1,7,42,44,1,1,7
Europe,United Kingdom,1006837,2226259423,mobile,1,1,1,3,1,7,15,15,1,1,6
Europe,United Kingdom,1006848,2226259423,desktop,1,1,1,3,1,7,25,25,1,1,8
Europe,United Kingdom,1006854,2226259423,mobile,1,1,1,3,1,10,34,36,1,1,7
Europe,United Kingdom,1006863,2226259423,mobile,1,1,1,3,1,4,4,4,1,1,7
Europe,United Kingdom,1006864,2226259423,desktop,1,1,1,2,1,7,16,18,1,1,5
Europe,United Kingdom,1006865,2226259423,tablet,1,1,1,3,1,1,1,1,1,1,8
Europe,United Kingdom,1006867,2226259423,desktop,1,1,2,6,1,7,11,13,1,0.5,10.5
Europe,United Kingdom,1006868,2226259423,desktop,1,1,2,6,1,13,54,57,1,0.5,10
Europe,United Kingdom,1006873,2226259423,desktop,1,1,1,3,1,7,41,43,1,1,7
Europe,United Kingdom,1006874,2226259423,desktop,1,1,1,21,1,4,4,4,1,1,32
Europe,United Kingdom,1006876,2226259423,desktop,1,1,1,3,1,7,61,69,1,1,7
Europe,United Kingdom,1006884,2226259423,tablet,1,1,1,3,1,7,13,13,1,1,7
Europe,United Kingdom,1006893,2226259423,mobile,1,1,1,3,1,7,7,7,1,1,7
Europe,United Kingdom,1006906,2226259423,desktop,1,0,1,3,1,11,50,52,1,1,6
Europe,United Kingdom,1006915,2226259423,desktop,1,1,1,3,1,4,4,4,1,1,8
Europe,United Kingdom,1006916,2226259423,mobile,1,0,1,3,1,1,1,1,1,1,5
Europe,United Kingdom,1006928,2226259423,tablet,1,1,1,3,1,1,1,1,1,1,6
Europe,United Kingdom,1006930,2226259423,desktop,1,1,1,3,1,7,26,26,1,1,7
Europe,United Kingdom,1006938,2226259423,desktop,1,1,2,1.5,1,7,25,25,1,0.5,4
Europe,United Kingdom,1006950,2226259423,desktop,1,1,1,3,1,11,49,51,1,1,8
Europe,United Kingdom,1006952,2226259423,mobile,1,1,1,3,1,7,23,25,1,1,7
Europe,United Kingdom,1006953,2226259423,mobile,1,1,1,3,1,2,2,2,1,1,6
Europe,United Kingdom,1006954,2226259423,mobile,1,1,1,6,1,7,9,9,1,1,10
Europe,United Kingdom,1006955,2226259423,desktop,1,1,2,1.5,1,7,22,22,1,0.5,4
Europe,United Kingdom,1006955,2226259423,mobile,1,1,1,6,1,7,28,30,1,1,10
Europe,United Kingdom,1006957,2226259423,mobile,1,1,1,53,1,7,24,24,1,1,74
Europe,United Kingdom,1006965,2226259423,desktop,1,1,1,9,1,7,53,61,1,1,16
Europe,United Kingdom,1006966,2226259423,desktop,1,1,1,3,1,7,16,16,1,1,6
Europe,United Kingdom,1006970,2226259423,desktop,1,1,1,3,1,7,12,14,1,1,8
Europe,United Kingdom,1006976,2226259423,mobile,1,1,1,3,1,7,38,41,1,1,5
Europe,United Kingdom,1006984,2226259423,desktop,1,1,1,3,1,3,3,3,1,1,8
Europe,United Kingdom,1006984,2226259423,mobile,1,0,2,1.5,1,11,91,99,1,0.5,4
Europe,United Kingdom,1006992,2226259423,tablet,1,1,1,3,1,6,6,6,1,1,7
Europe,United Kingdom,1007001,2226259423,desktop,1,1,1,3,1,6,6,6,1,1,9
Europe,United Kingdom,1007004,2226259423,desktop,1,1,1,3,1,7,9,9,1,1,8
Europe,United Kingdom,1007006,2226259423,mobile,1,1,1,6,1,7,10,10,1,1,10
Europe,United Kingdom,1007011,2226259423,mobile,1,1,1,3,1,7,10,10,1,1,7
Europe,United Kingdom,1007012,2226259423,mobile,1,1,1,3,1,7,25,25,1,1,6
Europe,United Kingdom,1007020,2226259423,mobile,1,1,1,3,1,2,7,9,1,1,7
Europe,United Kingdom,1007024,2226259423,desktop,1,1,1,3,1,4,4,4,1,1,8
Europe,United Kingdom,1007027,2226259423,desktop,1,1,1,3,1,7,22,24,1,1,8
Europe,United Kingdom,1007029,2226259423,desktop,1,1,1,3,1,7,12,12,1,1,7
Europe,United Kingdom,1007030,2226259423,desktop,1,0,1,6,1,7,24,24,1,1,11
Europe,United Kingdom,1007053,2226259423,mobile,1,1,1,3,1,7,19,19,1,1,7
Europe,United Kingdom,1007060,2226259423,mobile,1,1,1,15,1,7,19,19,1,1,25
Europe,United Kingdom,1007064,2226259423,mobile,1,1,1,3,1,15,139,157,1,1,5
Europe,United Kingdom,1007072,2226259423,desktop,1,1,1,3,1,2,2,2,1,1,8
Europe,United Kingdom,1007076,2226259423,mobile,1,0,1,3,1,7,21,21,1,1,5
Europe,United Kingdom,1007080,2226259423,desktop,1,1,1,3,1,7,26,28,1,1,8
Europe,United Kingdom,1007082,2226259423,mobile,1,1,1,3,1,7,7,7,1,1,7
Europe,United Kingdom,1007091,2226259423,desktop,1,0,1,6,1,7,34,36,1,1,11
Europe,United Kingdom,1007092,2226259423,mobile,1,0,1,9,1,10,51,55,1,1,11
Europe,United Kingdom,1007106,2226259423,mobile,1,1,1,9,1,7,8,8,1,1,17
Europe,United Kingdom,1007118,2226259423,desktop,1,1,1,3,1,7,28,30,1,1,7
Europe,United Kingdom,1007118,2226259423,tablet,1,1,1,5,1,7,25,25,1,1,9
Europe,United Kingdom,1007119,2226259423,tablet,1,1,1,3,1,7,7,7,1,1,7
Europe,United Kingdom,1007121,2226259423,tablet,1,1,1,3,1,3,17,19,1,1,8
Europe,United Kingdom,1007125,2226259423,mobile,1,0,1,3,1,9,28,28,1,1,4
Europe,United Kingdom,1007133,2226259423,desktop,1,1,1,3,1,5,5,5,1,1,7
Europe,United Kingdom,1007133,2226259423,mobile,1,1,1,3,1,7,21,23,1,1,6
Europe,United Kingdom,1007148,2226259423,mobile,1,1,1,12,1,7,25,25,1,1,20
Europe,United Kingdom,1007151,2226259423,mobile,1,1,1,3,1,7,15,19,1,1,7
Europe,United Kingdom,1007158,2226259423,tablet,1,1,1,3,1,2,2,2,1,1,6
Europe,United Kingdom,1007178,2226259423,mobile,1,1,1,3,1,7,28,28,1,1,5
Europe,United Kingdom,1007179,2226259423,tablet,1,1,1,15,1,7,18,18,1,1,22
Europe,United Kingdom,1007189,2226259423,mobile,1,1,2,3,1,7,24,24,2,1,5.5
Europe,United Kingdom,1007195,2226259423,desktop,1,1,1,3,1,5,5,5,1,1,7
Europe,United Kingdom,1007196,2226259423,mobile,1,1,1,9,1,4,4,4,1,1,14
Europe,United Kingdom,1007204,2226259423,desktop,1,0,1,0,1,7,7,7,0,0,2
Europe,United Kingdom,1007207,2226259423,mobile,1,1,1,3,1,7,22,24,1,1,6
Europe,United Kingdom,1007212,2226259423,mobile,1,1,1,3,1,7,26,26,1,1,6
Europe,United Kingdom,1007218,2226259423,desktop,1,1,1,5,1,4,4,4,1,1,11
Europe,United Kingdom,1007228,2226259423,mobile,1,1,1,3,1,7,9,9,1,1,7
Europe,United Kingdom,1007229,2226259423,desktop,1,1,1,3,1,12,54,56,1,1,5
Europe,United Kingdom,1007229,2226259423,mobile,1,0,1,6,1,7,26,26,1,1,7
Europe,United Kingdom,1007237,2226259423,mobile,1,1,1,3,1,12,37,39,1,1,6
Europe,United Kingdom,1007242,2226259423,desktop,1,1,1,3,1,7,14,14,1,1,7
Europe,United Kingdom,1007246,2226259423,desktop,1,1,1,3,1,7,19,19,1,1,7
Europe,United Kingdom,1007256,2226259423,desktop,1,0,1,3,1,5,17,19,1,1,7
Europe,United Kingdom,1007261,2226259423,desktop,1,1,2,1.5,1,7,14,14,1,0.5,4
Europe,United Kingdom,1007265,2226259423,desktop,1,0,1,3,1,1,1,1,1,1,6
Europe,Isle of Man,1007268,2226259423,desktop,1,1,1,3,1,2,2,2,1,1,7
Europe,United Kingdom,1007270,2226259423,mobile,1,0,1,3,1,6,6,6,1,1,6
Europe,United Kingdom,1007275,2226259423,desktop,1,0,1,0,1,3,3,3,0,0,2
Europe,United Kingdom,1007278,2226259423,mobile,1,1,1,8,1,7,29,31,1,1,15
Europe,United Kingdom,1007279,2226259423,mobile,1,1,1,3,1,7,12,12,1,1,6
Europe,United Kingdom,1007284,2226259423,desktop,1,1,2,6,1,7,25,27,1,0.5,10.5
Europe,United Kingdom,1007287,2226259423,mobile,1,1,1,3,1,4,21,23,1,1,6
Europe,United Kingdom,1007289,2226259423,mobile,1,1,1,3,1,2,2,2,1,1,7
Europe,United Kingdom,1007294,2226259423,mobile,1,0,1,2,1,1,1,1,1,1,4
Europe,United Kingdom,1007295,2226259423,mobile,1,1,1,3,1,11,41,45,1,1,6
Europe,United Kingdom,1007297,2226259423,desktop,1,1,1,36,1,4,4,4,1,1,53
Europe,United Kingdom,1007298,2226259423,desktop,1,1,1,6,1,7,16,16,1,1,12
Europe,United Kingdom,1007300,2226259423,desktop,1,1,1,3,1,7,37,39,1,1,8
Europe,United Kingdom,1007301,2226259423,mobile,1,1,1,9,1,7,10,10,1,1,15
Europe,United Kingdom,1007307,2226259423,mobile,1,1,1,6,1,7,12,12,1,1,10
Europe,United Kingdom,1007310,2226259423,mobile,1,1,1,3,1,7,19,19,1,1,7
Europe,United Kingdom,1007311,2226259423,desktop,1,1,1,3,1,7,31,33,1,1,5
Europe,United Kingdom,1007311,2226259423,mobile,1,1,1,18,1,7,29,31,1,1,29
Europe,United Kingdom,1007315,2226259423,desktop,1,1,2,1.5,1,7,37,41,1,0.5,4.5
Europe,United Kingdom,1007326,2226259423,tablet,1,1,1,3,1,13,71,78,1,1,6
Europe,United Kingdom,1007327,2226259423,desktop,1,1,1,3,1,6,6,6,1,1,7
Europe,United Kingdom,1007330,2226259423,desktop,1,1,1,12,1,7,10,10,1,1,20
Europe,United Kingdom,1007330,2226259423,mobile,1,1,1,3,1,9,43,49,1,1,6
Europe,United Kingdom,1007333,2226259423,mobile,1,1,1,3,1,7,13,13,1,1,7
Europe,United Kingdom,1007345,2226259423,tablet,1,1,1,3,1,7,29,31,1,1,7
Europe,United Kingdom,1007346,2226259423,desktop,1,1,1,21,1,7,45,53,1,1,33
Europe,United Kingdom,1007346,2226259423,mobile,1,1,1,75,1,6,15,17,1,1,103
Europe,United Kingdom,1007347,2226259423,desktop,1,1,1,9,1,5,23,27,1,1,16
Europe,United Kingdom,1007349,2226259423,mobile,1,0,1,3,1,7,51,55,1,1,5
Europe,United Kingdom,1007350,2226259423,desktop,1,1,2,1.5,1,7,14,14,1,0.5,4
Europe,United Kingdom,1007350,2226259423,tablet,1,1,1,3,1,7,28,28,1,1,6
Europe,United Kingdom,1007359,2226259423,tablet,1,1,1,3,1,5,5,5,1,1,7
Europe,United Kingdom,1007360,2226259423,desktop,1,1,1,3,1,7,12,12,1,1,8
Europe,United Kingdom,1007360,2226259423,tablet,1,1,1,6,1,4,4,4,1,1,11
Europe,United Kingdom,1007361,2226259423,desktop,1,1,1,24,1,7,26,26,1,1,28
Europe,United Kingdom,1007363,2226259423,mobile,1,1,1,14,1,7,23,23,1,1,22
Europe,United Kingdom,1007374,2226259423,mobile,1,1,1,18,1,7,37,39,1,1,21
Europe,United Kingdom,1007383,2226259423,mobile,1,1,1,3,1,7,11,12,1,1,6
Europe,United Kingdom,1007385,2226259423,desktop,1,0,1,21,1,7,26,26,1,1,24
Europe,United Kingdom,1007395,2226259423,mobile,1,1,1,3,1,7,20,20,1,1,7
Europe,United Kingdom,1007397,2226259423,mobile,1,1,1,3,1,1,35,45,1,1,6
Europe,United Kingdom,1007398,2226259423,mobile,1,1,1,12,1,7,12,12,1,1,20
Europe,United Kingdom,1007410,2226259423,mobile,1,1,1,3,1,7,32,34,1,1,5
Europe,United Kingdom,1007413,2226259423,mobile,1,1,1,3,1,7,23,23,1,1,6
Europe,United Kingdom,1007418,2226259423,mobile,1,1,1,3,1,7,17,17,1,1,6
Europe,United Kingdom,1007434,2226259423,desktop,1,0,1,0,1,7,11,11,1,1,1
Europe,United Kingdom,1007448,2226259423,desktop,1,1,1,6,1,13,57,60,1,1,10
Europe,United Kingdom,1007464,2226259423,desktop,1,0,1,3,1,2,2,2,1,1,5
Europe,Croatia,1007612,2226259423,mobile,1,1,2,7.5,1,7,11,11,1,0.5,12
Europe,Ireland,1007835,2226259423,desktop,1,1,1,6,1,7,15,15,1,1,11
Europe,Ireland,1007861,2226259423,mobile,1,1,1,6,1,4,4,4,1,1,13
Europe,Netherlands,1010543,2226259423,desktop,1,1,1,6,1,3,7,9,1,1,14
Europe,Romania,1011795,2226259423,mobile,1,1,1,3,1,7,19,19,1,1,7
Europe,United Kingdom,9050369,2226259423,desktop,1,1,1,6,1,7,25,25,1,1,12
Europe,United Kingdom,9050373,2226259423,desktop,1,1,1,9,1,7,25,25,1,1,16
Europe,United Kingdom,9050380,2226259423,desktop,1,1,1,3,1,7,27,27,1,1,6
Europe,Latvia,9062307,2226259423,desktop,1,0,2,1.5,1,7,28,28,1,0.5,3.5
Europe,Norway,9073147,2226259423,mobile,1,1,1,9,1,7,28,28,1,1,12
Europe,United Kingdom,9189291,2226259423,desktop,1,1,1,3,1,7,24,24,1,1,7
Europe,United Kingdom,9189438,2226259423,mobile,1,1,1,3,1,7,28,28,1,1,6
Europe,United Kingdom,9189457,2226259423,desktop,1,1,2,3,1,7,9,9,2,1,6
Europe,United Kingdom,9189457,2226259423,mobile,1,1,1,3,1,7,9,9,1,1,7
Europe,United Kingdom,9189476,2226259423,desktop,1,0,2,3,1,7,20,22,1,0.5,6
Europe,United Kingdom,9189517,2226259423,desktop,1,1,1,9,1,5,5,5,1,1,18
Europe,United Kingdom,9189679,2226259423,tablet,1,1,1,3,1,7,11,11,1,1,6
Europe,United Kingdom,9189748,2226259423,desktop,1,1,1,3,1,7,19,19,1,1,8
Europe,United Kingdom,9189754,2226259423,mobile,1,1,1,3,1,7,20,20,1,1,6
Europe,United Kingdom,9189784,2226259423,desktop,1,1,1,12,1,4,9,11,1,1,21
Europe,United Kingdom,9189888,2226259423,desktop,1,1,1,3,1,7,20,20,1,1,7
Europe,United Kingdom,9189918,2226259423,mobile,1,1,1,3,1,4,4,4,1,1,6
Europe,United Kingdom,9189997,2226259423,mobile,1,1,2,16.5,1,7,41,43,2,1,19
Europe,United Kingdom,9190097,2226259423,desktop,1,0,1,6,1,3,3,3,1,1,11
Europe,United Kingdom,9190169,2226259423,desktop,1,1,1,6,1,2,2,2,1,1,10
Europe,United Kingdom,9190211,2226259423,mobile,1,1,1,3,1,7,14,14,1,1,6
Europe,United Kingdom,9190274,2226259423,mobile,1,1,1,3,1,7,17,17,1,1,7
Europe,United Kingdom,9190475,2226259423,mobile,1,1,1,15,1,6,6,6,1,1,22
Europe,United Kingdom,9190614,2226259423,desktop,1,1,1,9,1,1,1,1,1,1,15
Europe,United Kingdom,9190747,2226259423,desktop,1,1,1,3,1,7,8,8,1,1,7
Europe,United Kingdom,9190873,2226259423,desktop,1,1,1,9,1,5,5,5,1,1,15
Europe,United Kingdom,9190878,2226259423,desktop,1,1,1,3,1,10,39,41,1,1,7
Europe,United Kingdom,9191116,2226259423,desktop,1,1,1,9,1,7,25,27,1,1,16
Europe,United Kingdom,9191128,2226259423,desktop,1,1,1,3,1,7,9,9,1,1,8
Europe,United Kingdom,9191206,2226259423,desktop,1,0,1,3,1,7,16,16,1,1,6
Europe,United Kingdom,9191247,2226259423,desktop,1,1,1,9,1,7,7,7,1,1,18
Europe,United Kingdom,9191346,2226259423,desktop,1,1,1,3,1,7,21,23,1,1,7
Europe,United Kingdom,9191350,2226259423,desktop,1,0,1,6,1,7,11,11,1,1,13
Europe,United Kingdom,9191350,2226259423,mobile,1,1,1,3,1,7,11,11,1,1,6
Europe,United Kingdom,9191447,2226259423,desktop,1,0,1,0,1,6,6,6,1,1,1
Europe,United Kingdom,9191520,2226259423,desktop,1,1,1,3,1,7,18,18,1,1,7
Europe,United Kingdom,9191531,2226259423,desktop,1,1,2,1.5,1,5,8,10,1,0.5,5
Europe,United Kingdom,9191582,2226259423,desktop,1,1,2,1.5,1,7,19,21,2,1,4.5
Europe,United Kingdom,9191599,2226259423,mobile,1,1,1,3,1,7,34,40,1,1,7
Europe,United Kingdom,9191660,2226259423,mobile,1,1,1,3,1,7,19,19,1,1,6
Europe,United Kingdom,9192033,2226259423,desktop,1,1,1,9,1,1,20,22,1,1,17
Europe,United Kingdom,9192124,2226259423,mobile,1,1,1,3,1,6,6,6,1,1,7
Europe,United Kingdom,9192133,2226259423,mobile,1,1,1,3,1,2,2,2,1,1,7
Europe,United Kingdom,9192198,2226259423,desktop,1,1,1,3,1,9,47,49,1,1,7
Europe,United Kingdom,9192198,2226259423,mobile,1,1,1,14,1,4,4,4,1,1,24
Europe,United Kingdom,9192207,2226259423,desktop,1,1,1,3,1,7,23,23,1,1,7
Europe,United Kingdom,9192226,2226259423,mobile,1,1,1,3,1,7,24,24,1,1,6
Europe,United Kingdom,9192366,2226259423,desktop,1,1,1,3,1,7,8,8,1,1,8
Europe,United Kingdom,9192414,2226259423,mobile,1,0,1,3,1,7,18,18,1,1,5
Europe,United Kingdom,9192498,2226259423,mobile,1,0,1,0,1,1,1,1,0,0,2
Europe,United Kingdom,9192540,2226259423,desktop,1,1,1,2,1,7,25,25,1,1,5
Europe,United Kingdom,9192572,2226259423,mobile,1,1,1,3,1,2,2,2,1,1,6
Europe,United Kingdom,9192684,2226259423,mobile,1,1,1,3,1,1,1,1,1,1,6
Europe,United Kingdom,9192782,2226259423,desktop,1,0,1,2,1,1,1,1,1,1,4
Europe,United Kingdom,9192986,2226259423,mobile,1,1,1,3,1,7,13,13,1,1,8
Europe,United Kingdom,9193090,2226259423,desktop,1,1,1,3,1,6,6,6,1,1,7
Europe,United Kingdom,9193152,2226259423,mobile,1,0,1,6,1,7,29,31,1,1,9
Europe,United Kingdom,9193348,2226259423,mobile,1,1,1,3,1,2,2,2,1,1,7
Europe,United Kingdom,9193491,2226259423,tablet,1,1,1,15,1,2,2,2,1,1,24
Europe,United Kingdom,9193514,2226259423,desktop,1,1,1,6,1,7,23,23,1,1,12
Europe,United Kingdom,9193527,2226259423,tablet,1,1,1,3,1,7,16,16,1,1,6
Europe,United Kingdom,9193840,2226259423,mobile,1,1,1,2,1,7,15,15,1,1,5
Europe,United Kingdom,9193841,2226259423,desktop,1,1,1,24,1,2,2,2,1,1,36
Europe,United Kingdom,9193937,2226259423,desktop,1,1,1,3,1,7,27,27,1,1,6
Europe,United Kingdom,9193938,2226259423,desktop,1,0,1,7,1,7,22,22,1,1,11
Europe,United Kingdom,9193938,2226259423,mobile,1,1,1,3,1,7,11,11,1,1,7
Europe,United Kingdom,9193938,2226259423,tablet,1,1,1,2,1,7,10,10,1,1,5
Europe,United Kingdom,9194008,2226259423,desktop,1,1,1,3,1,7,18,18,1,1,7
Europe,United Kingdom,9194018,2226259423,desktop,1,0,1,3,1,7,18,18,1,1,7
Europe,United Kingdom,9194092,2226259423,mobile,1,1,1,3,1,7,22,22,1,1,7
Europe,United Kingdom,9194116,2226259423,mobile,1,1,2,2.5,1,7,16,16,2,1,5.5
Europe,United Kingdom,9194120,2226259423,mobile,1,1,1,11,1,3,3,3,1,1,18
Europe,United Kingdom,9194125,2226259423,desktop,1,1,1,3,1,7,28,29,1,1,7
Europe,United Kingdom,9194334,2226259423,desktop,1,1,1,3,1,4,4,4,1,1,7
Europe,United Kingdom,9194368,2226259423,desktop,1,1,1,6,1,1,1,1,1,1,11
Europe,United Kingdom,9194517,2226259423,mobile,1,1,1,3,1,7,16,18,1,1,6
Europe,United Kingdom,9194565,2226259423,mobile,1,1,1,3,1,7,20,20,1,1,7
Europe,United Kingdom,9194579,2226259423,mobile,1,1,1,9,1,6,18,20,1,1,15
Europe,United Kingdom,9194745,2226259423,mobile,1,1,1,3,1,5,5,5,1,1,7
Europe,United Kingdom,9195049,2226259423,mobile,1,1,1,3,1,7,17,19,1,1,6
Europe,United Kingdom,9195248,2226259423,mobile,1,1,1,3,1,5,5,5,1,1,6
Europe,United Kingdom,9195260,2226259423,desktop,1,1,1,3,1,7,17,17,1,1,7
Europe,United Kingdom,9195401,2226259423,mobile,1,1,1,3,1,7,10,10,1,1,6
Europe,United Kingdom,9195507,2226259423,mobile,1,1,1,3,1,7,23,25,1,1,7
Europe,United Kingdom,9195545,2226259423,desktop,1,1,1,3,1,7,19,19,1,1,7
Europe,United Kingdom,9195569,2226259423,mobile,1,1,1,3,1,7,16,16,1,1,6
Europe,United Kingdom,9197971,2226259423,mobile,1,1,1,3,1,7,20,22,1,1,6
Europe,United Kingdom,9197981,2226259423,mobile,1,1,1,3,1,7,29,31,1,1,6
Europe,United Kingdom,9198116,2226259423,desktop,1,1,1,3,1,7,34,36,1,1,6
Europe,United Kingdom,9198116,2226259423,mobile,1,1,1,3,1,13,43,44,1,1,7
Europe,United Kingdom,9198271,2226259423,mobile,1,1,2,9.5,1,7,23,23,2,1,15.5
Europe,United Kingdom,9198293,2226259423,mobile,1,1,1,3,1,7,26,26,1,1,6
Europe,United Kingdom,9198576,2226259423,desktop,1,1,1,3,1,7,8,8,1,1,7
Europe,United Kingdom,9198576,2226259423,mobile,1,1,1,3,1,7,7,7,1,1,6
Europe,United Kingdom,9198727,2226259423,desktop,1,0,1,9,1,11,28,28,1,1,15
Europe,United Kingdom,9207032,2226259423,desktop,1,0,1,3,1,7,28,28,1,1,6
Europe,United Kingdom,9208099,2226259423,mobile,1,1,1,15,1,6,7,9,1,1,24
Europe,United Kingdom,9208489,2226259423,mobile,1,1,1,2,1,7,25,25,1,1,5
Europe,United Kingdom,9210024,2226259423,mobile,1,1,1,3,1,7,18,20,1,1,7
Europe,United Kingdom,9210748,2226259423,mobile,1,1,2,8.5,1,7,11,11,2,1,14.5
Europe,United Kingdom,9212182,2226259423,mobile,1,1,1,3,1,7,10,10,1,1,6
Europe,United Kingdom,9212237,2226259423,mobile,1,1,1,21,1,2,2,2,1,1,32
Europe,United Kingdom,9213543,2226259423,mobile,1,1,1,3,1,7,11,11,1,1,7
Europe,United Kingdom,9213639,2226259423,mobile,1,1,1,3,1,7,13,13,1,1,7
Europe,United Kingdom,9214656,2226259423,desktop,1,0,1,3,1,7,24,24,1,1,5
Europe,United Kingdom,9214810,2226259423,mobile,1,1,1,6,1,7,13,13,1,1,10
Europe,United Kingdom,9215399,2226259423,mobile,1,0,1,2,1,7,22,22,1,1,4
Europe,United Kingdom,9216017,2226259423,mobile,1,1,1,3,1,3,3,3,1,1,8
Europe,United Kingdom,9217208,2226259423,mobile,1,0,1,9,1,2,4,6,1,1,13
Europe,United Kingdom,9217386,2226259423,mobile,1,1,1,3,1,7,11,11,1,1,7
Europe,United Kingdom,9217578,2226259423,mobile,1,1,1,3,1,7,23,23,1,1,6
Europe,United Kingdom,9218846,2226259423,mobile,1,1,1,5,1,7,20,20,1,1,9
Europe,United Kingdom,9219842,2226259423,desktop,1,1,1,12,1,7,11,11,1,1,22
Europe,United Kingdom,9220199,2226259423,mobile,1,1,1,3,1,3,3,3,1,1,6
Europe,United Kingdom,9220267,2226259423,mobile,1,1,1,9,1,7,25,25,1,1,16
Europe,United Kingdom,9220534,2226259423,desktop,1,0,1,3,1,7,28,28,1,1,7
Europe,United Kingdom,9220949,2226259423,desktop,1,0,1,3,1,7,19,19,1,1,7
Europe,United Kingdom,9220991,2226259423,desktop,1,1,1,3,1,7,19,19,1,1,8
Europe,Ireland,(not set),2226259423,mobile,0,0,null,null,0,3,24,26,0,null,null
Europe,Russia,(not set),2226259423,desktop,0,0,null,null,0,0,56,64,0,null,null
Europe,Switzerland,1003174,2226259423,desktop,0,0,null,null,0,0,17,19,0,null,null
Europe,Germany,1004014,2226259423,desktop,0,0,null,null,0,0,84,96,0,null,null
Europe,Germany,1004046,2226259423,desktop,0,0,null,null,0,0,28,32,0,null,null
Europe,Germany,1004437,2226259423,desktop,0,0,null,null,0,0,14,16,0,null,null
Europe,Germany,1004607,2226259423,desktop,0,0,null,null,0,0,28,32,0,null,null
Europe,Germany,1004615,2226259423,desktop,0,0,null,null,0,0,42,48,0,null,null
Europe,Germany,1004682,2226259423,desktop,0,0,null,null,0,0,42,48,0,null,null
Europe,Spain,1005402,2226259423,mobile,0,0,null,null,0,0,3,5,0,null,null
Europe,Spain,1005479,2226259423,mobile,0,0,null,null,0,0,3,5,0,null,null
Europe,Spain,1005493,2226259423,desktop,0,0,null,null,0,0,35,41,0,null,null
Europe,Spain,1005548,2226259423,mobile,0,0,null,null,0,0,17,19,0,null,null
Europe,France,1006079,2226259423,desktop,0,0,null,null,0,0,136,152,0,null,null
Europe,France,1006203,2226259423,mobile,0,0,null,null,0,0,4,6,0,null,null
Europe,United Kingdom,1006457,2226259423,desktop,0,0,null,null,0,0,15,17,0,null,null
Europe,United Kingdom,1006474,2226259423,mobile,0,0,null,null,0,0,28,32,0,null,null
Europe,United Kingdom,1006476,2226259423,mobile,0,0,null,null,0,0,12,16,0,null,null
Europe,United Kingdom,1006490,2226259423,mobile,0,0,null,null,0,0,17,21,0,null,null
Europe,United Kingdom,1006496,2226259423,desktop,0,0,null,null,0,2,23,25,0,null,null
Europe,United Kingdom,1006497,2226259423,desktop,0,0,null,null,0,0,5,7,0,null,null
Europe,United Kingdom,1006500,2226259423,mobile,0,0,null,null,0,0,10,14,0,null,null
Europe,United Kingdom,1006500,2226259423,tablet,0,0,null,null,0,0,8,10,0,null,null
Europe,United Kingdom,1006503,2226259423,mobile,0,0,null,null,0,0,9,11,0,null,null
Europe,United Kingdom,1006504,2226259423,tablet,0,0,null,null,0,0,4,6,0,null,null
Europe,United Kingdom,1006507,2226259423,tablet,0,0,null,null,0,0,21,23,0,null,null
Europe,United Kingdom,1006517,2226259423,mobile,0,0,null,null,0,6,31,34,0,null,null
Europe,United Kingdom,1006523,2226259423,mobile,0,0,null,null,0,6,43,48,0,null,null
Europe,United Kingdom,1006524,2226259423,tablet,0,0,null,null,0,0,16,18,0,null,null
Europe,United Kingdom,1006534,2226259423,mobile,0,0,null,null,0,0,19,23,0,null,null
Europe,United Kingdom,1006539,2226259423,desktop,0,0,null,null,0,1,22,24,0,null,null
Europe,United Kingdom,1006539,2226259423,tablet,0,0,null,null,0,0,3,5,0,null,null
Europe,United Kingdom,1006541,2226259423,mobile,0,0,null,null,0,0,6,8,0,null,null
Europe,United Kingdom,1006542,2226259423,desktop,0,0,null,null,0,2,23,25,0,null,null
Europe,United Kingdom,1006886,2226259423,mobile,169,120,1.065088757,5.322222222,169,1111,4645,5088,172,0.955555556,9.272222222
Europe,United Kingdom,1006552,2226259423,desktop,0,0,null,null,0,0,9,11,0,null,null
Europe,United Kingdom,1006552,2226259423,mobile,0,0,null,null,0,0,52,62,0,null,null
Europe,United Kingdom,1006553,2226259423,mobile,0,0,null,null,0,0,31,35,0,null,null
Europe,United Kingdom,1006561,2226259423,mobile,0,0,null,null,0,0,9,11,0,null,null
Europe,United Kingdom,1006563,2226259423,mobile,0,0,null,null,0,0,5,7,0,null,null
Europe,United Kingdom,1006567,2226259423,tablet,0,0,null,null,0,0,17,19,0,null,null
Europe,United Kingdom,(not set),2226259423,mobile,116,86,1.060344828,4.390243902,116,723,2946,3174,119,0.967479675,7.951219512
Europe,United Kingdom,1006585,2226259423,mobile,0,0,null,null,0,0,20,22,0,null,null
Europe,United Kingdom,1006586,2226259423,desktop,0,0,null,null,0,0,31,37,0,null,null
Europe,United Kingdom,1006589,2226259423,mobile,0,0,null,null,0,0,3,7,0,null,null
Europe,United Kingdom,1006595,2226259423,mobile,0,0,null,null,0,0,19,21,0,null,null
Europe,United Kingdom,1006596,2226259423,desktop,0,0,null,null,0,0,11,13,0,null,null
Europe,United Kingdom,1006601,2226259423,mobile,0,0,null,null,0,2,39,45,0,null,null
Europe,United Kingdom,1006609,2226259423,desktop,0,0,null,null,0,3,35,39,0,null,null
Europe,United Kingdom,1006609,2226259423,mobile,0,0,null,null,0,0,13,15,0,null,null
Europe,United Kingdom,1006621,2226259423,desktop,0,0,null,null,0,0,0,1,0,null,null
Europe,United Kingdom,1006622,2226259423,desktop,0,0,null,null,0,0,4,6,0,null,null
Europe,United Kingdom,1006627,2226259423,mobile,0,0,null,null,0,0,57,67,0,null,null
Europe,United Kingdom,1006634,2226259423,desktop,0,0,null,null,0,0,17,19,0,null,null
Europe,United Kingdom,1006637,2226259423,mobile,0,0,null,null,0,1,22,24,0,null,null
Europe,United Kingdom,1006645,2226259423,desktop,0,0,null,null,0,1,22,24,0,null,null
Europe,United Kingdom,1006649,2226259423,desktop,0,0,null,null,0,0,0,2,0,null,null
Europe,United Kingdom,1006649,2226259423,mobile,0,0,null,null,0,0,18,20,0,null,null
Europe,United Kingdom,1006656,2226259423,desktop,0,0,null,null,0,0,0,1,0,null,null
Europe,United Kingdom,1006656,2226259423,mobile,0,0,null,null,0,0,61,70,0,null,null
Europe,United Kingdom,1006659,2226259423,desktop,0,0,null,null,0,4,60,66,0,null,null
Europe,United Kingdom,1006669,2226259423,mobile,0,0,null,null,0,0,17,21,0,null,null
Europe,United Kingdom,1006674,2226259423,desktop,0,0,null,null,0,0,3,5,0,null,null
Europe,United Kingdom,1006674,2226259423,tablet,0,0,null,null,0,2,23,25,0,null,null
Europe,United Kingdom,1006679,2226259423,desktop,0,0,null,null,0,4,25,27,0,null,null
Europe,United Kingdom,1006679,2226259423,mobile,0,0,null,null,0,0,6,8,0,null,null
Europe,United Kingdom,1006686,2226259423,desktop,0,0,null,null,0,0,11,13,0,null,null
Europe,United Kingdom,1006692,2226259423,mobile,0,0,null,null,0,3,24,26,0,null,null
Europe,United Kingdom,1006696,2226259423,tablet,0,0,null,null,0,0,4,6,0,null,null
Europe,United Kingdom,1006705,2226259423,mobile,0,0,null,null,0,0,0,0,0,null,null
Europe,United Kingdom,1006707,2226259423,mobile,0,0,null,null,0,0,28,33,0,null,null
Europe,United Kingdom,1006709,2226259423,mobile,0,0,null,null,0,0,39,43,0,null,null
Europe,United Kingdom,1006715,2226259423,mobile,0,0,null,null,0,0,10,12,0,null,null
Europe,United Kingdom,1006729,2226259423,mobile,0,0,null,null,0,0,17,19,0,null,null
Europe,United Kingdom,1006735,2226259423,mobile,0,0,null,null,0,3,24,26,0,null,null
Europe,United Kingdom,1006736,2226259423,desktop,0,0,null,null,0,0,17,19,0,null,null
Europe,United Kingdom,1006740,2226259423,desktop,0,0,null,null,0,4,25,27,0,null,null
Europe,United Kingdom,1006751,2226259423,desktop,0,0,null,null,0,0,15,17,0,null,null
Europe,United Kingdom,1006752,2226259423,desktop,0,0,null,null,0,0,0,2,0,null,null
Europe,United Kingdom,1006752,2226259423,mobile,0,0,null,null,0,0,5,7,0,null,null
Europe,United Kingdom,1006753,2226259423,desktop,0,0,null,null,0,0,3,7,0,null,null
Europe,United Kingdom,1006753,2226259423,mobile,0,0,null,null,0,6,27,28,0,null,null
Europe,United Kingdom,1006766,2226259423,desktop,0,0,null,null,0,0,15,19,0,null,null
Europe,United Kingdom,1006766,2226259423,mobile,0,0,null,null,0,0,6,8,0,null,null
Europe,United Kingdom,1006767,2226259423,mobile,0,0,null,null,0,0,6,8,0,null,null
Europe,United Kingdom,1006770,2226259423,mobile,0,0,null,null,0,0,2,5,0,null,null
Europe,United Kingdom,1006773,2226259423,desktop,0,0,null,null,0,0,4,6,0,null,null
Europe,United Kingdom,1006779,2226259423,mobile,0,0,null,null,0,4,46,50,0,null,null
Europe,United Kingdom,1006786,2226259423,desktop,0,0,null,null,0,0,17,19,0,null,null
Europe,United Kingdom,1006786,2226259423,mobile,0,0,null,null,0,0,11,13,0,null,null
Europe,United Kingdom,1006791,2226259423,mobile,0,0,null,null,0,0,17,19,0,null,null
Europe,United Kingdom,1006798,2226259423,mobile,0,0,null,null,0,0,15,17,0,null,null
Europe,United Kingdom,1006803,2226259423,desktop,0,0,null,null,0,6,27,28,0,null,null
Europe,United Kingdom,1006804,2226259423,mobile,0,0,null,null,0,0,1,3,0,null,null
Europe,United Kingdom,1006810,2226259423,desktop,0,0,null,null,0,0,18,20,0,null,null
Europe,United Kingdom,1006810,2226259423,tablet,0,0,null,null,0,0,5,7,0,null,null
Europe,United Kingdom,1006814,2226259423,mobile,0,0,null,null,0,0,10,12,0,null,null
Europe,United Kingdom,1006816,2226259423,tablet,0,0,null,null,0,0,11,13,0,null,null
Europe,United Kingdom,1006820,2226259423,desktop,0,0,null,null,0,4,25,27,0,null,null
Europe,United Kingdom,1006820,2226259423,mobile,0,0,null,null,0,5,26,28,0,null,null
Europe,United Kingdom,1006821,2226259423,mobile,0,0,null,null,0,0,4,6,0,null,null
Europe,United Kingdom,1006832,2226259423,desktop,0,0,null,null,0,2,23,25,0,null,null
Europe,United Kingdom,1006852,2226259423,desktop,0,0,null,null,0,0,1,3,0,null,null
Europe,United Kingdom,1006865,2226259423,mobile,0,0,null,null,0,0,16,18,0,null,null
Europe,United Kingdom,1006867,2226259423,tablet,0,0,null,null,0,0,8,10,0,null,null
Europe,United Kingdom,1006873,2226259423,mobile,0,0,null,null,0,0,3,5,0,null,null
Europe,United Kingdom,1006876,2226259423,mobile,0,0,null,null,0,0,0,0,0,null,null
Europe,United Kingdom,1006879,2226259423,mobile,0,0,null,null,0,0,20,22,0,null,null
Europe,United Kingdom,1006892,2226259423,mobile,0,0,null,null,0,0,0,1,0,null,null
Europe,United Kingdom,1006912,2226259423,tablet,0,0,null,null,0,0,17,21,0,null,null
Europe,United Kingdom,1006914,2226259423,desktop,0,0,null,null,0,0,20,22,0,null,null
Europe,United Kingdom,1006914,2226259423,mobile,0,0,null,null,0,0,22,30,0,null,null
Europe,United Kingdom,1006922,2226259423,desktop,0,0,null,null,0,0,4,6,0,null,null
Europe,United Kingdom,1006928,2226259423,desktop,0,0,null,null,0,0,10,12,0,null,null
Europe,United Kingdom,1006928,2226259423,mobile,0,0,null,null,0,0,6,8,0,null,null
Europe,United Kingdom,1006940,2226259423,tablet,0,0,null,null,0,0,0,0,0,null,null
Europe,United Kingdom,1006946,2226259423,mobile,0,0,null,null,0,0,11,13,0,null,null
Europe,United Kingdom,1006958,2226259423,desktop,0,0,null,null,0,0,11,13,0,null,null
Europe,United Kingdom,1006958,2226259423,mobile,0,0,null,null,0,0,1,4,0,null,null
Europe,United Kingdom,1006959,2226259423,desktop,0,0,null,null,0,0,65,75,0,null,null
Europe,United Kingdom,1006959,2226259423,mobile,0,0,null,null,0,4,45,51,0,null,null
Europe,United Kingdom,1006969,2226259423,desktop,0,0,null,null,0,0,7,9,0,null,null
Europe,United Kingdom,1006973,2226259423,mobile,0,0,null,null,0,0,15,17,0,null,null
Europe,United Kingdom,1006978,2226259423,mobile,0,0,null,null,0,0,0,0,0,null,null
Europe,United Kingdom,1006981,2226259423,desktop,0,0,null,null,0,0,18,20,0,null,null
Europe,United Kingdom,1006996,2226259423,desktop,0,0,null,null,0,0,17,21,0,null,null
Europe,United Kingdom,1007009,2226259423,mobile,0,0,null,null,0,0,49,60,0,null,null
Europe,United Kingdom,1007020,2226259423,desktop,0,0,null,null,0,0,0,1,0,null,null
Europe,United Kingdom,1007021,2226259423,mobile,0,0,null,null,0,3,24,26,0,null,null
Europe,United Kingdom,1007027,2226259423,mobile,0,0,null,null,0,3,24,26,0,null,null
Europe,United Kingdom,1007030,2226259423,mobile,0,0,null,null,0,0,12,14,0,null,null
Europe,United Kingdom,1007030,2226259423,tablet,0,0,null,null,0,0,10,12,0,null,null
Europe,United Kingdom,1007031,2226259423,desktop,0,0,null,null,0,0,17,19,0,null,null
Europe,United Kingdom,1007033,2226259423,desktop,0,0,null,null,0,0,2,6,0,null,null
Europe,United Kingdom,1007033,2226259423,mobile,0,0,null,null,0,0,31,37,0,null,null
Europe,United Kingdom,1007037,2226259423,desktop,0,0,null,null,0,0,0,2,0,null,null
Europe,United Kingdom,1007037,2226259423,mobile,0,0,null,null,0,0,2,4,0,null,null
Europe,United Kingdom,1007042,2226259423,desktop,0,0,null,null,0,0,3,5,0,null,null
Europe,United Kingdom,1007043,2226259423,mobile,0,0,null,null,0,0,6,8,0,null,null
Europe,United Kingdom,1007044,2226259423,mobile,0,0,null,null,0,0,5,7,0,null,null
Europe,United Kingdom,1007055,2226259423,mobile,0,0,null,null,0,0,10,12,0,null,null
Europe,United Kingdom,1007056,2226259423,desktop,0,0,null,null,0,0,4,6,0,null,null
Europe,United Kingdom,1007070,2226259423,mobile,0,0,null,null,0,0,13,17,0,null,null
Europe,United Kingdom,1007077,2226259423,mobile,0,0,null,null,0,2,23,25,0,null,null
Europe,United Kingdom,1007081,2226259423,mobile,0,0,null,null,0,0,2,5,0,null,null
Europe,United Kingdom,1007089,2226259423,desktop,0,0,null,null,0,6,70,80,0,null,null
Europe,United Kingdom,1007092,2226259423,desktop,0,0,null,null,0,3,28,34,0,null,null
Europe,United Kingdom,1007097,2226259423,desktop,0,0,null,null,0,0,0,1,0,null,null
Europe,United Kingdom,1007100,2226259423,desktop,0,0,null,null,0,0,4,6,0,null,null
Europe,United Kingdom,1007100,2226259423,mobile,0,0,null,null,0,0,11,13,0,null,null
Europe,United Kingdom,1007104,2226259423,mobile,0,0,null,null,0,0,6,8,0,null,null
Europe,United Kingdom,1007113,2226259423,mobile,0,0,null,null,0,0,15,17,0,null,null
Europe,United Kingdom,1007119,2226259423,desktop,0,0,null,null,0,0,0,0,0,null,null
Europe,United Kingdom,1007121,2226259423,mobile,0,0,null,null,0,10,71,81,0,null,null
Europe,United Kingdom,1007128,2226259423,mobile,0,0,null,null,0,0,14,16,0,null,null
Europe,United Kingdom,1007147,2226259423,mobile,0,0,null,null,0,2,23,25,0,null,null
Europe,United Kingdom,1007147,2226259423,tablet,0,0,null,null,0,0,5,7,0,null,null
Europe,United Kingdom,1007155,2226259423,desktop,0,0,null,null,0,0,5,7,0,null,null
Europe,United Kingdom,1007171,2226259423,desktop,0,0,null,null,0,2,23,25,0,null,null
Europe,United Kingdom,1007171,2226259423,mobile,0,0,null,null,0,2,42,46,0,null,null
Europe,United Kingdom,1007173,2226259423,mobile,0,0,null,null,0,0,1,3,0,null,null
Europe,United Kingdom,1007188,2226259423,mobile,0,0,null,null,0,0,0,1,0,null,null
Europe,United Kingdom,1007191,2226259423,tablet,0,0,null,null,0,0,4,6,0,null,null
Europe,United Kingdom,1007192,2226259423,mobile,0,0,null,null,0,0,17,21,0,null,null
Europe,United Kingdom,1007195,2226259423,mobile,0,0,null,null,0,0,0,2,0,null,null
Europe,United Kingdom,1007210,2226259423,desktop,0,0,null,null,0,0,16,18,0,null,null
Europe,United Kingdom,1007210,2226259423,mobile,0,0,null,null,0,0,1,7,0,null,null
Europe,United Kingdom,1007219,2226259423,mobile,0,0,null,null,0,0,30,38,0,null,null
Europe,United Kingdom,1007222,2226259423,desktop,0,0,null,null,0,0,3,5,0,null,null
Europe,United Kingdom,1007230,2226259423,tablet,0,0,null,null,0,6,27,28,0,null,null
Europe,United Kingdom,1007233,2226259423,desktop,0,0,null,null,0,0,7,9,0,null,null
Europe,United Kingdom,1007237,2226259423,desktop,0,0,null,null,0,3,24,26,0,null,null
Europe,United Kingdom,1007256,2226259423,tablet,0,0,null,null,0,0,6,8,0,null,null
Europe,United Kingdom,1007258,2226259423,desktop,0,0,null,null,0,0,6,8,0,null,null
Europe,United Kingdom,1007259,2226259423,mobile,0,0,null,null,0,0,0,1,0,null,null
Europe,United Kingdom,1007266,2226259423,desktop,0,0,null,null,0,3,24,26,0,null,null
Europe,United Kingdom,1007266,2226259423,mobile,0,0,null,null,0,0,16,18,0,null,null
Europe,Isle of Man,1007268,2226259423,tablet,0,0,null,null,0,4,25,27,0,null,null
Europe,United Kingdom,1007270,2226259423,desktop,0,0,null,null,0,0,4,6,0,null,null
Europe,United Kingdom,1007273,2226259423,mobile,0,0,null,null,0,0,14,16,0,null,null
Europe,United Kingdom,1007276,2226259423,mobile,0,0,null,null,0,0,16,20,0,null,null
Europe,United Kingdom,1007277,2226259423,mobile,0,0,null,null,0,3,41,45,0,null,null
Europe,United Kingdom,1007280,2226259423,mobile,0,0,null,null,0,1,22,24,0,null,null
Europe,United Kingdom,1007286,2226259423,mobile,0,0,null,null,0,0,17,19,0,null,null
Europe,United Kingdom,1007289,2226259423,desktop,0,0,null,null,0,2,40,44,0,null,null
Europe,United Kingdom,1007290,2226259423,mobile,0,0,null,null,0,0,17,19,0,null,null
Europe,United Kingdom,1007291,2226259423,mobile,0,0,null,null,0,0,20,22,0,null,null
Europe,United Kingdom,1007298,2226259423,mobile,0,0,null,null,0,2,23,25,0,null,null
Europe,United Kingdom,1007301,2226259423,tablet,0,0,null,null,0,2,23,25,0,null,null
Europe,United Kingdom,1007302,2226259423,desktop,0,0,null,null,0,5,26,28,0,null,null
Europe,United Kingdom,1007304,2226259423,desktop,0,0,null,null,0,2,23,25,0,null,null
Europe,United Kingdom,1007304,2226259423,mobile,0,0,null,null,0,0,18,20,0,null,null
Europe,United Kingdom,1007310,2226259423,desktop,0,0,null,null,0,5,26,28,0,null,null
Europe,United Kingdom,1007320,2226259423,desktop,0,0,null,null,0,0,35,39,0,null,null
Europe,United Kingdom,1007321,2226259423,tablet,0,0,null,null,0,3,24,26,0,null,null
Europe,United Kingdom,1007322,2226259423,tablet,0,0,null,null,0,0,12,14,0,null,null
Europe,United Kingdom,1007325,2226259423,tablet,0,0,null,null,0,0,4,6,0,null,null
Europe,United Kingdom,1007327,2226259423,mobile,0,0,null,null,0,0,9,12,0,null,null
Europe,United Kingdom,1007333,2226259423,desktop,0,0,null,null,0,0,16,18,0,null,null
Europe,United Kingdom,1007337,2226259423,desktop,0,0,null,null,0,5,26,28,0,null,null
Europe,United Kingdom,1007338,2226259423,desktop,0,0,null,null,0,0,3,5,0,null,null
Europe,United Kingdom,1007340,2226259423,desktop,0,0,null,null,0,6,31,34,0,null,null
Europe,United Kingdom,1007340,2226259423,tablet,0,0,null,null,0,0,17,19,0,null,null
Europe,United Kingdom,1007354,2226259423,desktop,0,0,null,null,0,5,26,28,0,null,null
Europe,United Kingdom,1007355,2226259423,desktop,0,0,null,null,0,5,26,29,0,null,null
Europe,United Kingdom,1007355,2226259423,tablet,0,0,null,null,0,0,5,7,0,null,null
Europe,United Kingdom,1007361,2226259423,tablet,0,0,null,null,0,0,30,34,0,null,null
Europe,United Kingdom,1007363,2226259423,desktop,0,0,null,null,0,0,17,19,0,null,null
Europe,United Kingdom,1007375,2226259423,mobile,0,0,null,null,0,0,8,10,0,null,null
Europe,United Kingdom,1007377,2226259423,mobile,0,0,null,null,0,0,2,4,0,null,null
Europe,United Kingdom,1007377,2226259423,tablet,0,0,null,null,0,0,7,9,0,null,null
Europe,United Kingdom,1007380,2226259423,desktop,0,0,null,null,0,0,11,13,0,null,null
Europe,United Kingdom,1007391,2226259423,desktop,0,0,null,null,0,0,21,27,0,null,null
Europe,United Kingdom,1007392,2226259423,desktop,0,0,null,null,0,5,26,28,0,null,null
Europe,United Kingdom,1007392,2226259423,mobile,0,0,null,null,0,0,2,4,0,null,null
Europe,United Kingdom,1007403,2226259423,desktop,0,0,null,null,0,2,23,25,0,null,null
Europe,United Kingdom,1007403,2226259423,mobile,0,0,null,null,0,10,52,56,0,null,null
Europe,United Kingdom,1007409,2226259423,mobile,0,0,null,null,0,0,5,7,0,null,null
Europe,United Kingdom,1007414,2226259423,mobile,0,0,null,null,0,0,5,7,0,null,null
Europe,United Kingdom,1007418,2226259423,desktop,0,0,null,null,0,0,9,11,0,null,null
Europe,United Kingdom,1007421,2226259423,desktop,0,0,null,null,0,0,10,12,0,null,null
Europe,United Kingdom,1007428,2226259423,desktop,0,0,null,null,0,0,3,5,0,null,null
Europe,United Kingdom,1007443,2226259423,desktop,0,0,null,null,0,0,24,28,0,null,null
Europe,United Kingdom,1007446,2226259423,mobile,0,0,null,null,0,0,5,7,0,null,null
Europe,United Kingdom,1007448,2226259423,mobile,0,0,null,null,0,0,5,7,0,null,null
Europe,Croatia,1007620,2226259423,mobile,0,0,null,null,0,0,0,1,0,null,null
Europe,Ireland,1007878,2226259423,desktop,0,0,null,null,0,0,16,18,0,null,null
Europe,Italy,1008529,2226259423,desktop,0,0,null,null,0,1,22,24,0,null,null
Europe,Netherlands,1010427,2226259423,mobile,0,0,null,null,0,0,19,21,0,null,null
Europe,Netherlands,1010561,2226259423,desktop,0,0,null,null,0,0,16,18,0,null,null
Europe,Netherlands,1010644,2226259423,desktop,0,0,null,null,0,0,16,18,0,null,null
Europe,Netherlands,1010752,2226259423,desktop,0,0,null,null,0,0,10,12,0,null,null
Europe,Portugal,1011742,2226259423,mobile,0,0,null,null,0,0,6,8,0,null,null
Europe,Portugal,1011771,2226259423,mobile,0,0,null,null,0,0,6,8,0,null,null
Europe,Russia,1011969,2226259423,desktop,0,0,null,null,0,0,56,64,0,null,null
Europe,Russia,1012040,2226259423,desktop,0,0,null,null,0,0,28,32,0,null,null
Europe,Russia,1012054,2226259423,desktop,0,0,null,null,0,0,14,16,0,null,null
Europe,Sweden,1012228,2226259423,desktop,0,0,null,null,0,0,24,28,0,null,null
Europe,Ukraine,1012859,2226259423,mobile,0,0,null,null,0,3,24,26,0,null,null
Europe,Norway,9047427,2226259423,desktop,0,0,null,null,0,0,10,12,0,null,null
Europe,Germany,9048366,2226259423,desktop,0,0,null,null,0,0,14,16,0,null,null
Europe,Germany,9048636,2226259423,desktop,0,0,null,null,0,0,56,64,0,null,null
Europe,Hungary,9050410,2226259423,mobile,0,0,null,null,0,1,22,24,0,null,null
Europe,Greece,9061578,2226259423,mobile,0,0,null,null,0,0,12,14,0,null,null
Europe,United Kingdom,9072511,2226259423,desktop,0,0,null,null,0,4,25,27,0,null,null
Europe,Germany,9114220,2226259423,desktop,0,0,null,null,0,0,56,64,0,null,null
Europe,United Kingdom,9189165,2226259423,mobile,0,0,null,null,0,0,5,7,0,null,null
Europe,United Kingdom,9189182,2226259423,mobile,0,0,null,null,0,0,11,13,0,null,null
Europe,United Kingdom,9189194,2226259423,desktop,0,0,null,null,0,4,25,27,0,null,null
Europe,United Kingdom,9189262,2226259423,desktop,0,0,null,null,0,0,18,20,0,null,null
Europe,United Kingdom,9189267,2226259423,mobile,0,0,null,null,0,0,0,0,0,null,null
Europe,United Kingdom,9189267,2226259423,tablet,0,0,null,null,0,0,12,14,0,null,null
Europe,United Kingdom,9189323,2226259423,desktop,0,0,null,null,0,0,17,19,0,null,null
Europe,United Kingdom,9189324,2226259423,mobile,0,0,null,null,0,4,25,27,0,null,null
Europe,United Kingdom,9189329,2226259423,mobile,0,0,null,null,0,0,2,4,0,null,null
Europe,United Kingdom,9189414,2226259423,mobile,0,0,null,null,0,0,15,17,0,null,null
Europe,United Kingdom,9189476,2226259423,mobile,0,0,null,null,0,6,31,34,0,null,null
Europe,United Kingdom,9189478,2226259423,mobile,0,0,null,null,0,0,14,16,0,null,null
Europe,United Kingdom,9189561,2226259423,mobile,0,0,null,null,0,3,24,26,0,null,null
Europe,United Kingdom,9189584,2226259423,mobile,0,0,null,null,0,0,17,19,0,null,null
Europe,United Kingdom,9189675,2226259423,mobile,0,0,null,null,0,1,22,24,0,null,null
Europe,United Kingdom,9189679,2226259423,desktop,0,0,null,null,0,0,10,12,0,null,null
Europe,United Kingdom,9189679,2226259423,mobile,0,0,null,null,0,6,33,36,0,null,null
Europe,United Kingdom,9189748,2226259423,mobile,0,0,null,null,0,0,18,20,0,null,null
Europe,United Kingdom,9189784,2226259423,mobile,0,0,null,null,0,6,27,28,0,null,null
Europe,United Kingdom,9189834,2226259423,desktop,0,0,null,null,0,0,36,42,0,null,null
Europe,United Kingdom,9189834,2226259423,mobile,0,0,null,null,0,0,13,15,0,null,null
Europe,United Kingdom,9189871,2226259423,desktop,0,0,null,null,0,0,15,17,0,null,null
Europe,United Kingdom,9190174,2226259423,desktop,0,0,null,null,0,0,37,43,0,null,null
Europe,United Kingdom,9190174,2226259423,mobile,0,0,null,null,0,2,23,25,0,null,null
Europe,United Kingdom,9190266,2226259423,mobile,0,0,null,null,0,0,10,12,0,null,null
Europe,United Kingdom,9190302,2226259423,mobile,0,0,null,null,0,0,24,28,0,null,null
Europe,United Kingdom,9190413,2226259423,mobile,0,0,null,null,0,0,2,6,0,null,null
Europe,United Kingdom,9190584,2226259423,mobile,0,0,null,null,0,0,0,1,0,null,null
Europe,United Kingdom,9190595,2226259423,desktop,0,0,null,null,0,3,24,26,0,null,null
Europe,United Kingdom,9190595,2226259423,mobile,0,0,null,null,0,0,3,5,0,null,null
Europe,United Kingdom,9190624,2226259423,mobile,0,0,null,null,0,0,20,22,0,null,null
Europe,United Kingdom,9190726,2226259423,desktop,0,0,null,null,0,0,0,2,0,null,null
Europe,United Kingdom,9190730,2226259423,desktop,0,0,null,null,0,2,23,25,0,null,null
Europe,United Kingdom,9190804,2226259423,mobile,0,0,null,null,0,0,15,17,0,null,null
Europe,United Kingdom,9190836,2226259423,mobile,0,0,null,null,0,0,13,15,0,null,null
Europe,United Kingdom,9190888,2226259423,mobile,0,0,null,null,0,0,1,3,0,null,null
Europe,United Kingdom,9191103,2226259423,mobile,0,0,null,null,0,0,3,5,0,null,null
Europe,United Kingdom,9191118,2226259423,mobile,0,0,null,null,0,0,0,1,0,null,null
Europe,United Kingdom,9191346,2226259423,mobile,0,0,null,null,0,1,22,24,0,null,null
Europe,United Kingdom,9191453,2226259423,mobile,0,0,null,null,0,0,1,3,0,null,null
Europe,United Kingdom,9191566,2226259423,desktop,0,0,null,null,0,0,13,15,0,null,null
Europe,United Kingdom,9191599,2226259423,desktop,0,0,null,null,0,0,7,9,0,null,null
Europe,United Kingdom,9191608,2226259423,mobile,0,0,null,null,0,0,17,19,0,null,null
Europe,United Kingdom,9191660,2226259423,desktop,0,0,null,null,0,2,61,67,0,null,null
Europe,United Kingdom,9191903,2226259423,mobile,0,0,null,null,0,0,5,7,0,null,null
Europe,United Kingdom,9191904,2226259423,desktop,0,0,null,null,0,0,0,0,0,null,null
Europe,United Kingdom,9191914,2226259423,mobile,0,0,null,null,0,1,22,24,0,null,null
Europe,United Kingdom,9191919,2226259423,desktop,0,0,null,null,0,3,24,26,0,null,null
Europe,United Kingdom,9191954,2226259423,desktop,0,0,null,null,0,0,18,20,0,null,null
Europe,United Kingdom,9191954,2226259423,mobile,0,0,null,null,0,0,0,0,0,null,null
Europe,United Kingdom,9191982,2226259423,mobile,0,0,null,null,0,0,20,22,0,null,null
Europe,United Kingdom,9192025,2226259423,desktop,0,0,null,null,0,3,24,26,0,null,null
Europe,United Kingdom,9192294,2226259423,mobile,0,0,null,null,0,0,9,11,0,null,null
Europe,United Kingdom,9192498,2226259423,desktop,0,0,null,null,0,0,5,7,0,null,null
Europe,United Kingdom,9192519,2226259423,tablet,0,0,null,null,0,0,9,11,0,null,null
Europe,United Kingdom,9192540,2226259423,mobile,0,0,null,null,0,0,0,0,0,null,null
Europe,United Kingdom,9192563,2226259423,desktop,0,0,null,null,0,0,18,20,0,null,null
Europe,United Kingdom,9192563,2226259423,mobile,0,0,null,null,0,0,0,0,0,null,null
Europe,United Kingdom,9192654,2226259423,mobile,0,0,null,null,0,0,4,6,0,null,null
Europe,United Kingdom,9192683,2226259423,mobile,0,0,null,null,0,0,10,12,0,null,null
Europe,United Kingdom,9192686,2226259423,mobile,0,0,null,null,0,0,0,2,0,null,null
Europe,United Kingdom,9192714,2226259423,mobile,0,0,null,null,0,5,26,28,0,null,null
Europe,United Kingdom,9192803,2226259423,desktop,0,0,null,null,0,0,0,1,0,null,null
Europe,United Kingdom,9192841,2226259423,mobile,0,0,null,null,0,0,14,16,0,null,null
Europe,United Kingdom,9192853,2226259423,desktop,0,0,null,null,0,0,2,4,0,null,null
Europe,Greece,9192908,2226259423,mobile,0,0,null,null,0,0,3,5,0,null,null
Europe,United Kingdom,9192917,2226259423,mobile,0,0,null,null,0,0,19,21,0,null,null
Europe,United Kingdom,9192927,2226259423,mobile,0,0,null,null,0,0,0,2,0,null,null
Europe,United Kingdom,9192929,2226259423,desktop,0,0,null,null,0,0,19,21,0,null,null
Europe,United Kingdom,9192938,2226259423,desktop,0,0,null,null,0,2,23,25,0,null,null
Europe,United Kingdom,9192960,2226259423,mobile,0,0,null,null,0,0,15,17,0,null,null
Europe,United Kingdom,9192969,2226259423,desktop,0,0,null,null,0,0,10,12,0,null,null
Europe,United Kingdom,9192969,2226259423,mobile,0,0,null,null,0,0,0,1,0,null,null
Europe,United Kingdom,9192999,2226259423,mobile,0,0,null,null,0,0,0,0,0,null,null
Europe,United Kingdom,9193121,2226259423,desktop,0,0,null,null,0,0,10,12,0,null,null
Europe,United Kingdom,9193135,2226259423,tablet,0,0,null,null,0,0,4,6,0,null,null
Europe,United Kingdom,9193152,2226259423,desktop,0,0,null,null,0,5,55,61,0,null,null
Europe,United Kingdom,9193231,2226259423,desktop,0,0,null,null,0,4,25,27,0,null,null
Europe,United Kingdom,9193231,2226259423,mobile,0,0,null,null,0,0,26,30,0,null,null
Europe,United Kingdom,9193415,2226259423,desktop,0,0,null,null,0,0,13,15,0,null,null
Europe,United Kingdom,9193415,2226259423,tablet,0,0,null,null,0,0,11,13,0,null,null
Europe,United Kingdom,9193455,2226259423,desktop,0,0,null,null,0,0,27,31,0,null,null
Europe,United Kingdom,9193491,2226259423,desktop,0,0,null,null,0,0,16,18,0,null,null
Europe,United Kingdom,9193513,2226259423,desktop,0,0,null,null,0,0,19,21,0,null,null
Europe,United Kingdom,9193514,2226259423,mobile,0,0,null,null,0,0,29,39,0,null,null
Europe,United Kingdom,9193549,2226259423,desktop,0,0,null,null,0,2,26,30,0,null,null
Europe,United Kingdom,9193549,2226259423,mobile,0,0,null,null,0,0,11,13,0,null,null
Europe,United Kingdom,9193626,2226259423,desktop,0,0,null,null,0,0,20,22,0,null,null
Europe,United Kingdom,9193626,2226259423,tablet,0,0,null,null,0,0,15,17,0,null,null
Europe,United Kingdom,9193784,2226259423,desktop,0,0,null,null,0,5,26,28,0,null,null
Europe,United Kingdom,9193917,2226259423,desktop,0,0,null,null,0,0,2,4,0,null,null
Europe,United Kingdom,9194008,2226259423,mobile,0,0,null,null,0,0,15,17,0,null,null
Europe,United Kingdom,9194020,2226259423,mobile,0,0,null,null,0,0,0,2,0,null,null
Europe,United Kingdom,9194089,2226259423,desktop,0,0,null,null,0,0,13,15,0,null,null
Europe,United Kingdom,9194125,2226259423,mobile,0,0,null,null,0,0,15,17,0,null,null
Europe,United Kingdom,9194209,2226259423,mobile,0,0,null,null,0,6,29,32,0,null,null
Europe,United Kingdom,9194368,2226259423,mobile,0,0,null,null,0,6,27,28,0,null,null
Europe,United Kingdom,9194517,2226259423,desktop,0,0,null,null,0,0,25,29,0,null,null
Europe,United Kingdom,9194517,2226259423,tablet,0,0,null,null,0,0,11,13,0,null,null
Europe,United Kingdom,9194531,2226259423,desktop,0,0,null,null,0,0,17,19,0,null,null
Europe,United Kingdom,9194531,2226259423,mobile,0,0,null,null,0,0,0,0,0,null,null
Europe,United Kingdom,9194738,2226259423,desktop,0,0,null,null,0,0,14,18,0,null,null
Europe,United Kingdom,9194738,2226259423,mobile,0,0,null,null,0,6,27,28,0,null,null
Europe,United Kingdom,9194822,2226259423,desktop,0,0,null,null,0,0,19,21,0,null,null
Europe,United Kingdom,9194984,2226259423,mobile,0,0,null,null,0,0,10,12,0,null,null
Europe,United Kingdom,9195049,2226259423,desktop,0,0,null,null,0,4,25,27,0,null,null
Europe,United Kingdom,9195174,2226259423,mobile,0,0,null,null,0,0,7,9,0,null,null
Europe,United Kingdom,9195204,2226259423,mobile,0,0,null,null,0,6,27,28,0,null,null
Europe,United Kingdom,9195227,2226259423,tablet,0,0,null,null,0,2,23,25,0,null,null
Europe,United Kingdom,9195269,2226259423,mobile,0,0,null,null,0,2,23,25,0,null,null
Europe,United Kingdom,9195457,2226259423,desktop,0,0,null,null,0,3,24,26,0,null,null
Europe,United Kingdom,9197716,2226259423,mobile,0,0,null,null,0,0,18,20,0,null,null
Europe,United Kingdom,9197861,2226259423,mobile,0,0,null,null,0,0,5,7,0,null,null
Europe,United Kingdom,9198020,2226259423,desktop,0,0,null,null,0,0,39,43,0,null,null
Europe,United Kingdom,9198293,2226259423,desktop,0,0,null,null,0,0,18,20,0,null,null
Europe,United Kingdom,9198634,2226259423,desktop,0,0,null,null,0,5,26,28,0,null,null
Europe,United Kingdom,9198634,2226259423,mobile,0,0,null,null,0,0,0,2,0,null,null
Europe,United Kingdom,9198690,2226259423,desktop,0,0,null,null,0,6,27,28,0,null,null
Europe,United Kingdom,9198690,2226259423,mobile,0,0,null,null,0,0,3,5,0,null,null
Europe,United Kingdom,9198727,2226259423,mobile,0,0,null,null,0,0,11,13,0,null,null
Europe,Germany,9199076,2226259423,desktop,0,0,null,null,0,0,14,16,0,null,null
Europe,United Kingdom,9199213,2226259423,desktop,0,0,null,null,0,0,13,15,0,null,null
Europe,United Kingdom,9207032,2226259423,mobile,0,0,null,null,0,5,30,34,0,null,null
Europe,United Kingdom,9207192,2226259423,mobile,0,0,null,null,0,0,14,16,0,null,null
Europe,United Kingdom,9207293,2226259423,mobile,0,0,null,null,0,0,17,19,0,null,null
Europe,United Kingdom,9209057,2226259423,mobile,0,0,null,null,0,0,7,9,0,null,null
Europe,United Kingdom,9209629,2226259423,desktop,0,0,null,null,0,0,19,21,0,null,null
Europe,United Kingdom,9210929,2226259423,desktop,0,0,null,null,0,0,13,15,0,null,null
Europe,United Kingdom,9211106,2226259423,mobile,0,0,null,null,0,0,12,14,0,null,null
Europe,United Kingdom,9211727,2226259423,mobile,0,0,null,null,0,0,11,13,0,null,null
Europe,United Kingdom,9213941,2226259423,mobile,0,0,null,null,0,0,11,13,0,null,null
Europe,United Kingdom,9214478,2226259423,desktop,0,0,null,null,0,0,17,19,0,null,null
Europe,United Kingdom,9214656,2226259423,mobile,0,0,null,null,0,6,27,28,0,null,null
Europe,United Kingdom,9214810,2226259423,desktop,0,0,null,null,0,0,16,18,0,null,null
Europe,United Kingdom,9216224,2226259423,desktop,0,0,null,null,0,0,18,20,0,null,null
Europe,United Kingdom,9216224,2226259423,tablet,0,0,null,null,0,1,22,24,0,null,null
Europe,United Kingdom,9216860,2226259423,desktop,0,0,null,null,0,0,12,14,0,null,null
Europe,United Kingdom,9216860,2226259423,mobile,0,0,null,null,0,0,12,14,0,null,null
Europe,United Kingdom,9217597,2226259423,mobile,0,0,null,null,0,0,1,3,0,null,null
Europe,Germany,9218589,2226259423,desktop,0,0,null,null,0,0,42,48,0,null,null
Europe,United Kingdom,9219642,2226259423,mobile,0,0,null,null,0,0,4,6,0,null,null
Europe,United Kingdom,9220054,2226259423,desktop,0,0,null,null,0,0,1,3,0,null,null
Europe,United Kingdom,9220284,2226259423,mobile,0,0,null,null,0,6,27,28,0,null,null
Europe,United Kingdom,9220370,2226259423,mobile,0,0,null,null,0,0,0,1,0,null,null
Europe,United Kingdom,9220518,2226259423,mobile,0,0,null,null,0,0,9,11,0,null,null
Europe,United Kingdom,9220703,2226259423,desktop,0,0,null,null,0,0,12,14,0,null,null
Europe,United Kingdom,9221225,2226259423,desktop,0,0,null,null,0,0,0,0,0,null,null
Europe,United Kingdom,9221225,2226259423,mobile,0,0,null,null,0,0,6,8,0,null,null
Europe,United Kingdom,9222343,2226259423,desktop,0,0,null,null,0,0,7,9,0,null,null
Europe,United Kingdom,9222343,2226259423,mobile,0,0,null,null,0,0,0,0,0,null,null
Europe,United Kingdom,9222346,2226259423,mobile,0,0,null,null,0,0,12,14,0,null,null
Europe,United Kingdom,9222733,2226259423,mobile,0,0,null,null,0,0,10,12,0,null,null
Europe,United Kingdom,1006579,2226259423,mobile,0,0,null,null,0,0,9,11,0,null,null
Asia,India,1007824,2226259423,mobile,3,3,1,6.333333333,3,18,50,52,2,0.666666667,10.66666667
Asia,India,1007785,2226259423,mobile,2,2,1,13,2,8,25,25,2,1,19.5
Asia,India,1007805,2226259423,mobile,2,2,1,1,2,14,23,23,2,1,4.5
Asia,Singapore,1012096,2226259423,desktop,2,2,1,3,2,15,45,48,2,1,6
Asia,China,(not set),2226259423,desktop,1,0,1,0,1,12,54,58,0,0,1
Asia,Bangladesh,1001442,2226259423,tablet,1,1,1,3,1,2,2,2,1,1,7
Asia,China,1003401,2226259423,desktop,1,1,1,3,1,4,4,4,1,1,6
Asia,Cyprus,1003698,2226259423,mobile,1,1,1,3,1,7,13,13,1,1,8
Asia,Cyprus,1003699,2226259423,mobile,1,0,2,3,1,7,8,8,2,1,5
Asia,Indonesia,1007697,2226259423,mobile,1,1,1,8,1,7,18,18,1,1,14
Asia,Indonesia,1007714,2226259423,mobile,1,1,1,3,1,7,17,17,1,1,7
Asia,Indonesia,1007716,2226259423,mobile,1,1,1,1,1,7,14,14,0,0,3
Asia,Indonesia,1007737,2226259423,mobile,1,0,1,1,1,7,14,14,0,0,2
Asia,India,1007751,2226259423,desktop,1,0,1,3,1,7,23,23,1,1,5
Asia,India,1007751,2226259423,mobile,1,1,1,1,1,7,9,9,0,0,3
Asia,India,1007765,2226259423,desktop,1,1,4,1.5,1,7,24,24,2,0.5,4
Asia,India,1007785,2226259423,desktop,1,1,1,3,1,5,5,5,1,1,8
Asia,India,1007823,2226259423,mobile,1,1,1,8,1,7,9,9,1,1,13
Asia,India,1007826,2226259423,desktop,1,1,1,3,1,7,18,18,1,1,8
Asia,Japan,1009298,2226259423,desktop,1,1,1,9,1,7,25,25,1,1,19
Asia,Japan,1009343,2226259423,desktop,1,1,1,9,1,4,4,4,1,1,16
Asia,Japan,1009492,2226259423,mobile,1,1,1,2,1,7,8,8,1,1,5
Asia,Pakistan,1011081,2226259423,mobile,1,1,1,3,1,3,3,3,1,1,9
Asia,Philippines,1011173,2226259423,mobile,1,1,1,3,1,7,25,25,1,1,6
Asia,Singapore,1012096,2226259423,mobile,1,1,1,3,1,7,29,35,1,1,6
Asia,Türkiye,1012769,2226259423,mobile,1,1,1,12,1,7,17,17,1,1,28
Asia,Malaysia,1029504,2226259423,desktop,1,1,1,3,1,7,22,22,1,1,8
Asia,India,9040183,2226259423,desktop,1,1,1,3,1,7,16,16,1,1,7
Asia,India,9040199,2226259423,mobile,1,1,1,3,1,7,15,15,1,1,7
Asia,Indonesia,9074306,2226259423,mobile,1,1,1,3,1,7,9,9,1,1,6
Asia,India,9075215,2226259423,mobile,1,1,1,3,1,7,24,24,1,1,8
Asia,India,9300211,2226259423,desktop,1,1,1,3,1,2,2,2,1,1,7
Asia,India,(not set),2226259423,desktop,0,0,null,null,0,0,4,6,0,null,null
Asia,Iran,(not set),2226259423,desktop,0,0,null,null,0,0,16,18,0,null,null
Asia,Japan,(not set),2226259423,mobile,0,0,null,null,0,2,23,25,0,null,null
Asia,Singapore,(not set),2226259423,desktop,0,0,null,null,0,0,1,5,0,null,null
Asia,Singapore,(not set),2226259423,mobile,0,0,null,null,0,0,0,9,0,null,null
Asia,Singapore,(not set),2226259423,tablet,0,0,null,null,0,0,0,1,0,null,null
Asia,South Korea,(not set),2226259423,desktop,0,0,null,null,0,0,15,17,0,null,null
Asia,Bangladesh,1001441,2226259423,desktop,0,0,null,null,0,0,8,10,0,null,null
Asia,Bangladesh,1001442,2226259423,desktop,0,0,null,null,0,2,23,25,0,null,null
Asia,China,1003616,2226259423,desktop,0,0,null,null,0,3,24,26,0,null,null
Asia,India,1007740,2226259423,desktop,0,0,null,null,0,4,55,61,0,null,null
Asia,India,1007745,2226259423,mobile,0,0,null,null,0,0,9,11,0,null,null
Asia,India,1007749,2226259423,mobile,0,0,null,null,0,0,1,3,0,null,null
Asia,India,1007768,2226259423,desktop,0,0,null,null,0,2,23,25,0,null,null
Asia,India,1007768,2226259423,mobile,0,0,null,null,0,0,19,21,0,null,null
Asia,Japan,1009306,2226259423,mobile,0,0,null,null,0,3,24,26,0,null,null
Asia,South Korea,1009846,2226259423,mobile,0,0,null,null,0,0,18,20,0,null,null
Asia,Malaysia,1010274,2226259423,mobile,0,0,null,null,0,0,5,7,0,null,null
Asia,Pakistan,1011082,2226259423,desktop,0,0,null,null,0,0,14,16,0,null,null
Asia,Philippines,1011179,2226259423,mobile,0,0,null,null,0,0,7,9,0,null,null
Asia,Saudi Arabia,1012088,2226259423,desktop,0,0,null,null,0,3,29,35,0,null,null
Asia,Thailand,1012731,2226259423,desktop,0,0,null,null,0,0,13,15,0,null,null
Asia,China,1032150,2226259423,desktop,0,0,null,null,0,0,8,10,0,null,null
Asia,India,9040183,2226259423,mobile,0,0,null,null,0,0,21,23,0,null,null
Asia,Türkiye,9056757,2226259423,mobile,0,0,null,null,0,4,25,27,0,null,null
Asia,Philippines,9060963,2226259423,desktop,0,0,null,null,0,0,9,11,0,null,null
Asia,Armenia,9070053,2226259423,desktop,0,0,null,null,0,0,19,21,0,null,null
Asia,Indonesia,9127410,2226259423,mobile,0,0,null,null,0,0,0,2,0,null,null
Asia,Hong Kong,9196565,2226259423,desktop,0,0,null,null,0,0,0,2,0,null,null
Asia,Hong Kong,9196565,2226259423,tablet,0,0,null,null,0,0,1,3,0,null,null
Asia,Philippines,9210020,2226259423,desktop,0,0,null,null,0,0,11,13,0,null,null
Americas,United States,1015116,2226259423,desktop,1,1,1,3,1,7,17,17,1,1,7
Americas,Canada,9198475,2226259423,mobile,0,0,null,null,0,0,13,15,0,null,null
Americas,United States,1023191,2226259423,desktop,8,7,1,2.875,8,49,178,184,6,0.75,5.375
Americas,United States,1025628,2226259423,desktop,8,8,1,2.875,8,56,224,240,8,1,5.75
Americas,United States,1023640,2226259423,desktop,6,6,1,2.166666667,6,37,185,203,6,1,5.166666667
Americas,United States,1027028,2226259423,mobile,6,6,1,3,6,52,166,182,6,1,6.5
Americas,United States,1021111,2226259423,mobile,4,4,1,3,4,20,168,190,4,1,6.75
Americas,United States,1027028,2226259423,desktop,4,4,1,3,4,32,164,178,4,1,6.5
Americas,United States,(not set),2226259423,mobile,3,3,1,13,3,15,56,61,3,1,20.33333333
Americas,United States,1013962,2226259423,mobile,2,2,1,3,2,14,31,33,2,1,6
Americas,United States,1014226,2226259423,mobile,2,2,1,6,2,14,35,35,2,1,10
Americas,United States,1015638,2226259423,mobile,2,2,1,3,2,19,111,123,2,1,6
Americas,United States,1021111,2226259423,desktop,2,2,1,3,2,10,108,120,2,1,7
Americas,United States,1027320,2226259423,mobile,2,2,1,9,2,12,32,34,2,1,15
Americas,Mexico,(not set),2226259423,mobile,1,0,1,3,1,7,14,14,1,1,5
Americas,Canada,1001801,2226259423,mobile,1,1,1,6,1,7,26,26,1,1,8
Americas,Canada,1002090,2226259423,desktop,1,1,1,9,1,5,5,5,1,1,16
Americas,Canada,1002449,2226259423,mobile,1,1,1,3,1,7,27,27,1,1,6
Americas,Canada,1002451,2226259423,mobile,1,0,1,3,1,7,24,24,1,1,5
Americas,Canada,1002667,2226259423,mobile,1,0,1,0,1,7,27,27,1,1,1
Americas,United States,1013659,2226259423,desktop,1,1,1,3,1,7,10,10,1,1,6
Americas,United States,1013981,2226259423,mobile,1,1,1,3,1,7,25,25,1,1,5
Americas,United States,1014226,2226259423,desktop,1,1,1,3,1,7,23,23,1,1,7
Americas,United States,1014248,2226259423,desktop,1,1,1,1,1,7,25,25,0,0,3
Americas,United States,1014843,2226259423,mobile,1,1,1,3,1,7,23,23,1,1,7
Americas,United States,1014927,2226259423,mobile,1,1,1,3,1,7,20,20,1,1,6
Americas,United States,1015033,2226259423,desktop,1,1,1,3,1,1,1,1,1,1,7
Americas,United States,1015053,2226259423,desktop,1,1,1,3,1,7,19,19,1,1,7
Americas,United States,(not set),2226259423,desktop,18,17,1,2.055555556,18,125,586,627,11,0.611111111,4.722222222
Americas,United States,1015182,2226259423,tablet,1,1,1,3,1,7,24,24,1,1,7
Americas,United States,1015254,2226259423,desktop,1,1,1,3,1,7,11,11,1,1,7
Americas,United States,1015261,2226259423,mobile,1,1,1,2,1,7,24,24,1,1,6
Americas,United States,1015420,2226259423,desktop,1,1,1,9,1,7,23,23,1,1,13
Americas,United States,1015579,2226259423,desktop,1,1,1,1,1,7,25,25,0,0,3
Americas,United States,1015638,2226259423,desktop,1,1,1,3,1,8,42,48,1,1,7
Americas,United States,1016367,2226259423,desktop,1,1,1,3,1,7,18,18,1,1,8
Americas,United States,1016367,2226259423,mobile,1,1,1,3,1,7,26,26,1,1,6
Americas,United States,1021449,2226259423,mobile,1,1,1,3,1,7,20,20,1,1,6
Americas,United States,1022726,2226259423,desktop,1,1,1,3,1,3,3,3,1,1,7
Americas,United States,1024403,2226259423,mobile,1,1,1,3,1,7,8,8,1,1,7
Americas,United States,1024545,2226259423,desktop,1,1,1,3,1,7,40,42,1,1,6
Americas,United States,1024545,2226259423,mobile,1,1,1,3,1,12,49,53,1,1,7
Americas,United States,1025630,2226259423,desktop,1,0,1,3,1,7,16,16,1,1,5
Americas,United States,1026105,2226259423,desktop,1,1,1,3,1,7,11,11,1,1,7
Americas,United States,1026398,2226259423,mobile,1,1,1,3,1,1,1,1,1,1,6
Americas,United States,1027125,2226259423,desktop,1,1,1,3,1,7,19,19,1,1,7
Americas,United States,1027626,2226259423,desktop,1,1,1,3,1,7,8,8,1,1,6
Americas,United States,1027744,2226259423,desktop,1,0,1,9,1,7,8,8,1,1,14
Americas,United States,9052735,2226259423,desktop,1,1,1,12,1,7,15,15,1,1,21
Americas,United States,9052877,2226259423,desktop,1,1,1,15,1,7,23,23,1,1,25
Americas,United States,9197757,2226259423,desktop,1,1,1,3,1,7,14,14,1,1,5
Americas,Peru,(not set),2226259423,desktop,0,0,null,null,0,0,21,23,0,null,null
Americas,Canada,1001861,2226259423,desktop,0,0,null,null,0,0,12,14,0,null,null
Americas,Canada,1001909,2226259423,mobile,0,0,null,null,0,0,17,19,0,null,null
Americas,Canada,1002344,2226259423,mobile,0,0,null,null,0,0,17,19,0,null,null
Americas,Canada,1002508,2226259423,mobile,0,0,null,null,0,0,17,19,0,null,null
Americas,Mexico,1010043,2226259423,desktop,0,0,null,null,0,0,0,3,0,null,null
Americas,Mexico,1010079,2226259423,desktop,0,0,null,null,0,0,11,13,0,null,null
Americas,Mexico,1010088,2226259423,desktop,0,0,null,null,0,0,12,14,0,null,null
Americas,United States,1013462,2226259423,mobile,0,0,null,null,0,0,19,23,0,null,null
Americas,United States,1014221,2226259423,desktop,0,0,null,null,0,0,13,15,0,null,null
Americas,United States,1014249,2226259423,desktop,0,0,null,null,0,3,24,26,0,null,null
Americas,United States,1015067,2226259423,desktop,0,0,null,null,0,0,0,2,0,null,null
Americas,United States,1015254,2226259423,mobile,0,0,null,null,0,3,31,35,0,null,null
Americas,United States,1015724,2226259423,desktop,0,0,null,null,0,0,0,10,0,null,null
Americas,United States,1017596,2226259423,desktop,0,0,null,null,0,0,3,5,0,null,null
Americas,United States,1017859,2226259423,mobile,0,0,null,null,0,0,18,20,0,null,null
Americas,United States,1018127,2226259423,desktop,0,0,null,null,0,3,24,28,0,null,null
Americas,United States,1018127,2226259423,mobile,0,0,null,null,0,3,24,26,0,null,null
Americas,United States,1018269,2226259423,mobile,0,0,null,null,0,0,17,19,0,null,null
Americas,United States,1018511,2226259423,desktop,0,0,null,null,0,4,25,27,0,null,null
Americas,United States,1019126,2226259423,desktop,0,0,null,null,0,0,9,11,0,null,null
Americas,United States,1019659,2226259423,mobile,0,0,null,null,0,1,22,24,0,null,null
Americas,United States,1020610,2226259423,mobile,0,0,null,null,0,0,6,8,0,null,null
Americas,United States,1021048,2226259423,desktop,0,0,null,null,0,0,2,6,0,null,null
Americas,United States,1021111,2226259423,tablet,0,0,null,null,0,0,20,22,0,null,null
Americas,United States,1021145,2226259423,mobile,0,0,null,null,0,0,10,12,0,null,null
Americas,United States,1023631,2226259423,mobile,0,0,null,null,0,5,26,28,0,null,null
Americas,United States,1023957,2226259423,desktop,0,0,null,null,0,0,5,7,0,null,null
Americas,United States,1024254,2226259423,mobile,0,0,null,null,0,0,2,4,0,null,null
Americas,United States,1024290,2226259423,mobile,0,0,null,null,0,0,34,38,0,null,null
Americas,United States,1025197,2226259423,desktop,0,0,null,null,0,1,22,24,0,null,null
Americas,United States,1025947,2226259423,mobile,0,0,null,null,0,0,15,17,0,null,null
Americas,United States,1026036,2226259423,desktop,0,0,null,null,0,5,43,47,0,null,null
Americas,United States,1026411,2226259423,desktop,0,0,null,null,0,0,36,40,0,null,null
Americas,United States,1026411,2226259423,mobile,0,0,null,null,0,0,15,17,0,null,null
Americas,United States,1028398,2226259423,desktop,0,0,null,null,0,0,11,13,0,null,null
Americas,United States,9051666,2226259423,tablet,0,0,null,null,0,0,0,1,0,null,null
Americas,United States,9051936,2226259423,desktop,0,0,null,null,0,0,4,8,0,null,null
Americas,United States,9051943,2226259423,mobile,0,0,null,null,0,0,11,13,0,null,null
Americas,United States,9051948,2226259423,desktop,0,0,null,null,0,0,3,5,0,null,null
Americas,Puerto Rico,9062328,2226259423,mobile,0,0,null,null,0,0,3,5,0,null,null
Americas,United States,9195619,2226259423,desktop,0,0,null,null,0,0,0,0,0,null,null
Americas,Brazil,9197751,2226259423,desktop,0,0,null,null,0,0,2,4,0,null,null
Americas,Brazil,9198038,2226259423,desktop,0,0,null,null,0,0,12,14,0,null,null
Americas,Canada,9198475,2226259423,desktop,0,0,null,null,0,4,25,27,0,null,null
Americas,United States,1024403,2226259423,desktop,16,16,1,2.9375,16,143,864,952,16,1,5.875
Africa,Egypt,1005390,2226259423,desktop,1,1,1,3,1,7,11,11,1,1,7
Africa,Kenya,1009824,2226259423,mobile,1,1,1,3,1,7,14,14,1,1,7
Africa,Nigeria,1010285,2226259423,mobile,1,1,1,3,1,7,36,40,1,1,6
Africa,Nigeria,1010294,2226259423,desktop,1,1,1,24,1,7,19,19,1,1,38
Africa,Nigeria,1010294,2226259423,mobile,1,1,1,3,1,7,29,31,1,1,6
Africa,South Africa,1028745,2226259423,desktop,1,1,1,3,1,5,5,5,1,1,7
Africa,Ghana,9067654,2226259423,mobile,1,1,1,3,1,6,6,6,1,1,6
Africa,Nigeria,9073714,2226259423,desktop,1,1,1,3,1,7,17,17,1,1,6
Africa,Nigeria,(not set),2226259423,mobile,0,0,null,null,0,0,14,16,0,null,null
Africa,Nigeria,1010283,2226259423,mobile,0,0,null,null,0,0,14,16,0,null,null
Africa,Nigeria,1010291,2226259423,mobile,0,0,null,null,0,0,15,19,0,null,null
Africa,Nigeria,1010293,2226259423,mobile,0,0,null,null,0,0,20,24,0,null,null
Africa,Nigeria,1010296,2226259423,mobile,0,0,null,null,0,0,1,3,0,null,null
Africa,Nigeria,1010297,2226259423,mobile,0,0,null,null,0,0,14,16,0,null,null
Africa,Nigeria,1010298,2226259423,mobile,0,0,null,null,0,0,14,16,0,null,null
Africa,Togo,1012727,2226259423,desktop,0,0,null,null,0,0,16,18,0,null,null
Africa,South Africa,1028666,2226259423,desktop,0,0,null,null,0,0,0,1,0,null,null
Africa,South Africa,1028911,2226259423,desktop,0,0,null,null,0,0,2,4,0,null,null
Africa,South Africa,1028916,2226259423,mobile,0,0,null,null,0,0,7,9,0,null,null
Africa,Nigeria,1029703,2226259423,mobile,0,0,null,null,0,0,14,16,0,null,null
Africa,Nigeria,9073717,2226259423,mobile,0,0,null,null,0,0,14,16,0,null,null
(not set),(not set),(not set),2226259423,desktop,9,9,1,2.666666667,9,62,296,318,9,1,5.666666667
(not set),(not set),(not set),2226259423,mobile,3,3,1,3,3,21,80,88,3,1,5.666666667
